ID_HECHOS_LESIONES,N_VICTIMAS,AAAA,FECHA,HORA,comuna,tipo_calle,geocodificacion_CABA,longitud,latutid,victima,acusado,participantes,gravedad
LC-2019-0025021,1,2019,2019-01-13 00:00:00,2.0,,,Point (108629.964506752 101606.761130562),,,,,SD-SD,GRAVE
LC-2019-0049592,1,2019,2019-01-23 00:00:00,18.0,,,Point (101826.896937008 104708.368665252),,,,,SD-SD,GRAVE
LC-2019-0069433,1,2019,2019-02-02 00:00:00,3.0,,,Point (96943.4255297621 108226.025173517),,,,,SD-SD,GRAVE
LC-2019-0765111,1,2019,2019-03-12 00:00:00,14.0,,,Point (100334.393892395 102658.687760018),,,,,SD-SD,GRAVE
LC-2019-0154921,1,2019,2019-03-13 00:00:00,15.0,,,Point (105078.606313626 104258.624819074),,,,,SD-SD,GRAVE
LC-2019-0159323,1,2019,2019-03-15 00:00:00,2.0,,,Point (106585.173141294 100722.91756007),,,,,SD-SD,GRAVE
LC-2019-0159738,1,2019,2019-03-15 00:00:00,9.0,,,Point (98438.8380914996 109709.828420251),,,,,SD-SD,GRAVE
LC-2019-0163681,1,2019,2019-03-17 00:00:00,9.0,,,Point (101850.61668 104828.369818),,,,,SD-SD,GRAVE
LC-2019-0186800,1,2019,2019-03-25 00:00:00,12.0,,,Point (108920.473725 100086.160513),,,,,SD-SD,GRAVE
LC-2019-0203562,1,2019,2019-04-01 00:00:00,23.0,,,Point (99932.268761 106819.242245),,,,,SD-SD,GRAVE
LC-2019-0210339,1,2019,2019-04-04 00:00:00,19.0,,,,,,,,SD-SD,GRAVE
LC-2019-0277335,1,2019,2019-04-05 00:00:00,6.0,,,Point (106566.405299211 101230.398054136),,,,,SD-SD,GRAVE
LC-2019-0212362,1,2019,2019-04-05 00:00:00,13.0,,,,,,,,SD-SD,GRAVE
LC-2019-0554682,1,2019,2019-04-09 00:00:00,15.0,,,Point (103802.650045843 96740.3200587061),,,,,SD-SD,GRAVE
LC-2019-0767310,1,2019,2019-04-12 00:00:00,11.0,,,Point (96739.7390208205 101629.103922355),,,,,SD-SD,GRAVE
LC-2019-0264686,1,2019,2019-04-28 00:00:00,17.0,,,Point (97283.9232633065 103571.945679559),,,,,SD-SD,GRAVE
LC-2019-0265076,1,2019,2019-04-29 00:00:00,14.0,,,Point (100209.32320217 100981.467455857),,,,,SD-SD,GRAVE
LC-2019-0211151,1,2019,2019-05-04 00:00:00,9.0,,,Point (103515.239589465 106068.933643312),,,,,SD-SD,GRAVE
LC-2019-0695075,1,2019,2019-05-11 00:00:00,6.0,,,Point (100531.51268586 107563.881866533),,,,,SD-SD,GRAVE
LC-2019-0771748,1,2019,2019-05-12 00:00:00,15.0,,,Point (107840.938784212 102332.950799733),,,,,SD-SD,GRAVE
LC-2019-0772097,1,2019,2019-05-12 00:00:00,19.0,,,Point (106110.878590585 97539.5037375864),,,,,SD-SD,GRAVE
LC-2019-0311702,1,2019,2019-05-18 00:00:00,18.0,,,Point (97098.4845874882 109019.961155775),,,,,SD-SD,GRAVE
LC-2019-0326188,1,2019,2019-05-23 00:00:00,23.0,,,Point (109805.284409 99107.7288703),,,,,SD-SD,GRAVE
LC-2019-0213677,1,2019,2019-06-04 00:00:00,23.0,,,Point (100442.591921542 102748.780099399),,,,,SD-SD,GRAVE
LC-2019-0354833,1,2019,2019-06-06 00:00:00,20.0,,,Point (97912.6638710736 98077.8559940046),,,,,SD-SD,GRAVE
LC-2019-0356621,1,2019,2019-06-07 00:00:00,11.0,,,,,,,,SD-SD,GRAVE
LC-2019-0035901,1,2019,2019-06-08 00:00:00,19.0,,,Point (94732.584388223 97205.8960411717),,,,,SD-SD,GRAVE
LC-2019-0698117,1,2019,2019-06-11 00:00:00,8.0,,,Point (97098.4845874882 109019.961155775),,,,,SD-SD,GRAVE
LC-2019-0562086,1,2019,2019-07-09 00:00:00,20.0,,,Point (105904.068268888 104807.63284135),,,,,SD-SD,GRAVE
LC-2019-0426714,1,2019,2019-07-11 00:00:00,5.0,,,Point (96459.8399426 99737.046273),,,,,SD-SD,GRAVE
LC-2019-0047133,1,2019,2019-07-31 00:00:00,19.0,,,Point (102223.282227429 101478.7649701),,,,,SD-SD,GRAVE
LC-2019-0642723,1,2019,2019-08-09 00:00:00,4.0,,,Point (105980.99128826 105385.932619459),,,,,SD-SD,GRAVE
LC-2019-0704458,3,2019,2019-08-11 00:00:00,10.0,,,Point (95824.5994488 106623.556087),,,,,SD-SD,GRAVE
LC-2019-0513058,1,2019,2019-08-17 00:00:00,7.0,,,Point (101769.392811 103865.776465),,,,,SD-SD,GRAVE
LC-2019-0288435,1,2019,2019-09-05 00:00:00,1.0,,,Point (95377.5937563915 105484.328286004),,,,,SD-SD,GRAVE
LC-2019-0604288,1,2019,2019-09-26 00:00:00,11.0,,,Point (100666.574635047 100127.083421052),,,,,SD-SD,GRAVE
LC-2019-0782622,1,2019,2019-10-12 00:00:00,13.0,,,Point (102972.997323 105993.435392),,,,,SD-SD,GRAVE
LC-2019-0667172,1,2019,2019-10-24 00:00:00,14.0,,,Point (99732.4077095789 99348.806561017),,,,,SD-SD,GRAVE
LC-2019-0674236,1,2019,2019-10-25 00:00:00,0.0,,,Point (102872.846738309 97847.0704854482),,,,,SD-SD,GRAVE
LC-2019-0672799,1,2019,2019-10-27 00:00:00,2.0,,,Point (103149.720353417 102690.719402817),,,,,SD-SD,GRAVE
LC-2019-0715682,1,2019,2019-11-13 00:00:00,12.0,,,Point (104215.148101738 102032.303260102),,,,,SD-SD,GRAVE
LC-2019-0713995,1,2019,2019-11-13 00:00:00,17.0,,,Point (103561.975793762 108063.341629288),,,,,SD-SD,GRAVE
LC-2019-0721578,1,2019,2019-11-15 00:00:00,14.0,,,Point (101631.528071287 103735.202273314),,,,,SD-SD,GRAVE
LC-2019-0724627,1,2019,2019-11-17 00:00:00,9.0,,,Point (107552.69037931 102796.297888782),,,,,SD-SD,GRAVE
LC-2019-0726385,2,2019,2019-11-18 00:00:00,15.0,,,Point (108748.148548542 102669.050097185),,,,,SD-SD,GRAVE
LC-2019-0747040,1,2019,2019-11-27 00:00:00,8.0,,,Point (108072.100579945 104049.491309358),,,,,SD-SD,GRAVE
LC-2019-0756888,1,2019,2019-11-30 00:00:00,23.0,,,Point (98989.9954241453 96435.5952275034),,,,,SD-SD,GRAVE
LC-2019-0483085,1,2019,2019-12-04 00:00:00,15.0,,,Point (104526.601652222 101064.663127931),,,,,SD-SD,GRAVE
LC-2019-0230425,1,2019,2019-12-04 00:00:00,17.0,,,Point (97235.9454773089 94343.3270060453),,,,,SD-SD,GRAVE
LC-2019-0787108,1,2019,2019-12-12 00:00:00,9.0,,,Point (106897.309264448 104536.066816459),,,,,SD-SD,GRAVE
LC-2019-0788459,1,2019,2019-12-12 00:00:00,16.0,,,Point (98195.0493004924 102197.560551275),,,,,SD-SD,GRAVE
LC-2019-0789071,1,2019,2019-12-12 00:00:00,19.0,,,Point (99370.4918282071 108787.534621168),,,,,SD-SD,GRAVE
LC-2019-0791863,1,2019,2019-12-13 00:00:00,22.0,,,Point (97516.9032836937 100031.832478502),,,,,SD-SD,GRAVE
LC-2019-0798824,1,2019,2019-12-17 00:00:00,4.0,,,Point (103875.406844701 97709.3374162394),,,,,SD-SD,GRAVE
LC-2019-0801314,1,2019,2019-12-17 00:00:00,20.0,,,Point (105058.940002908 103459.955410298),,,,,SD-SD,GRAVE
LC-2019-0805240,1,2019,2019-12-19 00:00:00,10.0,,,Point (100242.079895451 98311.8098310387),,,,,SD-SD,GRAVE
LC-2019-0825248,2,2019,2019-12-28 00:00:00,5.0,,,Point (103319.977192101 102961.925168916),,,,,SD-SD,GRAVE
LC-2020-0001118,2,2020,2020-01-02 00:00:00,23.0,1,AVENIDA,Point (108724.124683169 102928.79394095),-58.368190051971,-34.602832084772,MOTO,AUTO,MOTO-AUTO,GRAVE
LC-2020-0007964,1,2020,2020-01-05 00:00:00,22.0,3,AVENIDA,Point (105091.367041141 101058.150925865),-58.407782918364,-34.619719075068,PEATON,CAMIONETA,PEATON-CAMIONETA,GRAVE
LC-2020-0009247,1,2020,2020-01-06 00:00:00,0.0,,,,,,AUTO,CAMIONETA,AUTO-CAMIONETA,GRAVE
LC-2020-0009913,2,2020,2020-01-06 00:00:00,1.0,2,CALLE,Point (105655.652818386 103631.178426342),-58.401646863200,-34.596521817289,TAXI,MOVIL,TAXI-MOVIL,GRAVE
LC-2020-0013875,3,2020,2020-01-07 00:00:00,15.0,14,AVENIDA,Point (104902.753323905 105766.089330028),-58.409866463451,-34.577280609204,MOTO,,MOTO-SD,GRAVE
LC-2020-0015770,1,2020,2020-01-08 00:00:00,13.0,8,CALLE,Point (99404.1241032735 93979.1834364924),-58.469802724782,-34.683543546703,MOTO,,MOTO-SD,GRAVE
LC-2020-0015215,1,2020,2020-01-08 00:00:00,9.0,,,,,,MOTO,AUTO,MOTO-AUTO,GRAVE
LC-2020-0018088,1,2020,2020-01-09 00:00:00,12.0,7,AVENIDA,Point (99669.0008417563 99918.0587284256),-58.466909555360,-34.630008603163,PEATON,CAMIONETA,PEATON-CAMIONETA,GRAVE
LC-2020-0021280,1,2020,2020-01-10 00:00:00,14.0,1,CALLE,Point (107764.402065722 99860.6160562412),-58.378624966186,-34.630497510099,AUTO,AUTO,AUTO-AUTO,GRAVE
LC-2020-0021366,1,2020,2020-01-10 00:00:00,16.0,5,AVENIDA,Point (103642.532800359 101848.913321957),-58.423584517044,-34.612596912237,,,SD-SD,GRAVE
LC-2020-0024716,2,2020,2020-01-12 00:00:00,20.0,7,CALLE,Point (99957.279092668 101005.645003685),-58.463765621929,-34.620204740988,MOTO,AUTO,MOTO-AUTO,GRAVE
LC-2020-0024868,1,2020,2020-01-13 00:00:00,0.0,7,AVENIDA,Point (99491.6862376949 99701.0238289574),-58.468843397608,-34.631964957089,CICLISTA,CAMION,CICLISTA-CAMION,GRAVE
LC-2020-0026159,1,2020,2020-01-13 00:00:00,12.0,5,AVENIDA,Point (103398.329568678 102284.862862258),-58.426248827502,-34.608667907805,,MOTO,SD-MOTO,GRAVE
LC-2020-0026509,2,2020,2020-01-13 00:00:00,14.0,15,AVENIDA,Point (101567.560348923 102421.952407626),-58.446209348196,-34.607436455958,AUTO,AUTO,AUTO-AUTO,GRAVE
LC-2020-0028454,1,2020,2020-01-14 00:00:00,10.0,2,AVENIDA,Point (105719.263514914 104251.866793194),-58.400957577649,-34.590926313931,CICLISTA,TAXI,CICLISTA-TAXI,GRAVE
LC-2020-0030568,1,2020,2020-01-15 00:00:00,10.0,4,AVENIDA,Point (105634.572026835 98201.3600081378),-58.401840945723,-34.645468454794,MOTO,CAMION,MOTO-CAMION,GRAVE
LC-2020-0032421,1,2020,2020-01-16 00:00:00,5.0,1,CALLE,Point (108272.350293934 103667.422842513),-58.373122398339,-34.596177489194,MOTO,TAXI,MOTO-TAXI,GRAVE
LC-2020-0034360,1,2020,2020-01-16 00:00:00,20.0,3,AVENIDA,Point (105243.643426536 101584.239092782),-58.406125697379,-34.614975947044,CICLISTA,CAMION,CICLISTA-CAMION,GRAVE
LC-2020-0034702,2,2020,2020-01-17 00:00:00,0.0,4,CALLE,Point (108889.672561184 98941.3390672216),-58.366343731057,-34.638775133426,MIXTO,,MIXTO-SD,GRAVE
LC-2020-0035511,2,2020,2020-01-17 00:00:00,11.0,13,CALLE,Point (99624.9193051063 107755.236818202),-58.467386315912,-34.559360829553,TAXI,CAMION,TAXI-CAMION,GRAVE
LC-2020-0035689,2,2020,2020-01-17 00:00:00,11.0,13,CALLE,Point (99596.7926138179 107755.918003534),-58.467692790595,-34.559354676866,,,SD-SD,GRAVE
LC-2020-0038776,1,2020,2020-01-19 00:00:00,5.0,13,CALLE,Point (101274.086379611 105689.280441206),-58.449413641381,-34.577983711581,PEATON,TAXI,PEATON-TAXI,GRAVE
LC-2020-0039255,1,2020,2020-01-19 00:00:00,11.0,3,AVENIDA,Point (105272.095607381 102274.42246096),-58.405819712837,-34.608754208186,,,SD-SD,GRAVE
LC-2020-0044039,1,2020,2020-01-21 00:00:00,18.0,3,AVENIDA,Point (105643.08645263 102168.688255696),-58.401774222750,-34.609705387080,CICLISTA,,CICLISTA-SD,GRAVE
LC-2020-0044423,1,2020,2020-01-21 00:00:00,12.0,7,CALLE,Point (103123.267835528 99940.913103232),-58.429239256174,-34.629798068070,CICLISTA,AUTO,CICLISTA-AUTO,GRAVE
LC-2020-0046969,2,2020,2020-01-22 00:00:00,17.0,8,,Point (99275.70888354280032218 94036.809274880666635),-58.471204,-34.683024,,,SD-SD,GRAVE
LC-2020-0049028,1,2020,2020-01-23 00:00:00,17.0,2,AVENIDA,Point (105921.702061309 104533.209425309),-58.398752870111,-34.588389031329,MOTO,TAXI,MOTO-TAXI,GRAVE
LC-2020-0047628,1,2020,2020-01-23 00:00:00,8.0,,,,,,CICLISTA,,CICLISTA-SD,GRAVE
LC-2020-0049883,1,2020,2020-01-24 00:00:00,0.0,4,AVENIDA,Point (106010.12507724 98441.6067584143),-58.397746296762,-34.643300671320,CAMION,CAMION,CAMION-CAMION,GRAVE
LC-2020-0050886,2,2020,2020-01-24 00:00:00,13.0,5,AVENIDA,Point (104084.831536058 100361.417837497),-58.418754985616,-34.626004148557,,,SD-SD,GRAVE
LC-2020-0051842,1,2020,2020-01-24 00:00:00,18.0,5,CALLE,Point (104629.311270642 99551.5599741507),-58.412813099088,-34.633302233856,CICLISTA,AUTO,CICLISTA-AUTO,GRAVE
LC-2020-0052516,2,2020,2020-01-25 00:00:00,5.0,1,AVENIDA,Point (109553.665706829 101968.258295577),-58.359135734004,-34.611483402001,,,SD-SD,GRAVE
LC-2020-0053175,1,2020,2020-01-25 00:00:00,16.0,4,CALLE,Point (107738.975121094 98260.5274474737),-58.378887751619,-34.644921483243,CICLISTA,AUTO,CICLISTA-AUTO,GRAVE
LC-2020-0053291,1,2020,2020-01-25 00:00:00,17.0,9,GRAL PAZ,Point (94644.0030072968 96592.2273550702),-58.521730718192,-34.659974639234,MOTO,AUTO,MOTO-AUTO,GRAVE
LC-2020-0054222,1,2020,2020-01-26 00:00:00,14.0,15,AVENIDA,Point (97752.7241486235 103533.378943687),-58.487797630470,-34.59741611649,AUTO,AUTO,AUTO-AUTO,GRAVE
LC-2020-0054370,1,2020,2020-01-26 00:00:00,15.0,7,CALLE,Point (101777.92440124 99135.8000740388),-58.443909175722,-34.637058805474,MOTO,AUTO,MOTO-AUTO,GRAVE
LC-2020-0062092,1,2020,2020-01-29 00:00:00,18.0,4,AVENIDA,Point (104289.927738676 97606.1353965787),-58.416504654948,-34.650840458814,PEATON,MOTO,PEATON-MOTO,GRAVE
LC-2020-0064451,1,2020,2020-01-30 00:00:00,16.0,,,Point (105110.031729898 106073.864889488),,,CICLISTA,AUTO,CICLISTA-AUTO,GRAVE
LC-2020-0069268,1,2020,2020-02-02 00:00:00,3.0,14,AVENIDA,Point (102651.019739559 107141.669610294),-58.434411341910,-34.564888635015,MOTO,AUTO,MOTO-AUTO,GRAVE
LC-2020-0075672,1,2020,2020-02-05 00:00:00,4.0,,,Point (98484.7350215067 101757.916049315),,,AUTO,AUTO,AUTO-AUTO,GRAVE
LC-2020-0080271,1,2020,2020-02-07 00:00:00,19.0,,,,,,AUTO,,AUTO-SD,GRAVE
LC-2020-0082766,2,2020,2020-02-07 00:00:00,19.0,9,AVENIDA,Point (96874.1148234849 95321.0689422925),-58.497406347583,-34.671442633977,AUTO,AUTO,AUTO-AUTO,GRAVE
LC-2020-0090665,1,2020,2020-02-11 00:00:00,17.0,4,CALLE,Point (104676.416326892 97019.0141221747),-58.412285560700,-34.656131304039,CAMIONETA,TRANSPORTE PUBLICO,CAMIONETA-TRANSPORTE PUBLICO,GRAVE
LC-2020-0091145,1,2020,2020-02-12 00:00:00,22.0,12,AVENIDA,Point (96569.0172266747 105987.253508552),-58.500691388448,-34.575292454652,MOTO,,MOTO-SD,GRAVE
LC-2020-0097837,4,2020,2020-02-14 00:00:00,9.0,7,CALLE,Point (100612.266977769 101027.648398883),-58.456623529665,-34.620006246888,MIXTO,TRANSPORTE PUBLICO,MIXTO-TRANSPORTE PUBLICO,GRAVE
LC-2020-0099562,2,2020,2020-02-14 00:00:00,19.0,14,AUTOPISTA,Point (105675.110141326 106288.736888503),-58.401452335938,-34.572565288758,AUTO,,AUTO-SD,GRAVE
LC-2020-0101085,1,2020,2020-02-16 00:00:00,22.0,4,CALLE,Point (109740.450574296 99908.5174425391),-58.357075692967,-34.630048951496,MOTO,AUTO,MOTO-AUTO,GRAVE
LC-2020-0104229,1,2020,2020-02-17 00:00:00,16.0,14,AVENIDA,Point (103023.141526172 105920.577825118),-58.430352084915,-34.575895126370,,,SD-SD,GRAVE
LC-2020-0109564,1,2020,2020-02-19 00:00:00,12.0,,,,,,PEATON,CAMION,PEATON-CAMION,GRAVE
LC-2020-0111139,1,2020,2020-02-20 00:00:00,9.0,1,CALLE,Point (107764.307879579 103642.772952991),-58.378660359350,-34.596403633558,PEATON,CAMION,PEATON-CAMION,GRAVE
LC-2020-0113045,1,2020,2020-02-20 00:00:00,19.0,1,AVENIDA,Point (108119.637062768 105086.184416451),-58.374800599326,-34.583389366382,PEATON,AUTO,PEATON-AUTO,GRAVE
LC-2020-0113168,1,2020,2020-02-20 00:00:00,19.0,1,CALLE,Point (107125.358333205 99922.2905283593),-58.38559458315,-34.629946157786,MOTO,AUTO,MOTO-AUTO,GRAVE
LC-2020-0114035,1,2020,2020-02-21 00:00:00,9.0,15,AVENIDA,Point (97524.194831311 104826.309062452),-58.490285022082,-34.585760535657,MOTO,CAMION,MOTO-CAMION,GRAVE
LC-2020-0125753,1,2020,2020-02-27 00:00:00,12.0,11,CALLE,Point (99165.7819461688 102193.792883882),-58.472395005025,-34.609493910425,TRANSPORTE PUBLICO,TRANSPORTE PUBLICO,TRANSPORTE PUBLICO-TRANSPORTE PUBLICO,GRAVE
LC-2020-0126641,1,2020,2020-02-27 00:00:00,15.0,13,AVENIDA,Point (101284.961286973 108259.362610538),-58.449298836516,-34.554815745295,MOTO,MOTO,MOTO-MOTO,GRAVE
HC-2020-0129167,1,2020,2020-02-28 00:00:00,14.0,,,Point (108741.482290269 100448.08511596),,,MOTO,TRANSPORTE PUBLICO,MOTO-TRANSPORTE PUBLICO,FATAL
LC-2020-0130842,1,2020,2020-02-29 00:00:00,10.0,11,CALLE,Point (98911.0632828712 101357.763560132),-58.475173273935,-34.617029969533,MOTO,AUTO,MOTO-AUTO,GRAVE
LC-2020-0130931,1,2020,2020-02-29 00:00:00,12.0,1,AVENIDA,Point (106954.951352452 101257.813716834),-58.387463813973,-34.617908395522,CICLISTA,AUTO,CICLISTA-AUTO,GRAVE
LC-2020-0132057,1,2020,2020-03-01 00:00:00,1.0,1,CALLE,Point (107374.618660439 100361.039809493),-58.382880076066,-34.625989356372,PEATON,,PEATON-SD,GRAVE
LC-2020-0133088,1,2020,2020-03-02 00:00:00,20.0,,,,,,MOTO,,MOTO-SD,GRAVE
LC-2020-0134862,1,2020,2020-03-02 00:00:00,15.0,1,CALLE,Point (107557.367527371 100180.515311261),-58.380885615655,-34.627615352695,PEATON,MOTO,PEATON-MOTO,GRAVE
LC-2020-0135825,1,2020,2020-03-02 00:00:00,18.0,,,,,,MOTO,AUTO,MOTO-AUTO,GRAVE
LC-2020-0138563,1,2020,2020-03-03 00:00:00,20.0,2,AVENIDA,Point (105475.138683933 103902.463334411),-58.403616393674,-34.594077306511,,MOTO,SD-MOTO,GRAVE
LC-2020-0148670,1,2020,2020-03-07 00:00:00,13.0,3,CALLE,Point (105842.462570517 102550.193056626),-58.399603066028,-34.606265240420,PEATON,AUTO,PEATON-AUTO,GRAVE
LC-2020-0148258,1,2020,2020-03-07 00:00:00,6.0,,,Point (96464.706479033 105372.266748992),,,AUTO,,AUTO-SD,GRAVE
LC-2020-0149304,2,2020,2020-03-08 00:00:00,6.0,1,AVENIDA,Point (107918.776174205 103716.429612534),-58.376977173578,-34.595738489775,AUTO,OBJETO FIJO,AUTO-OBJETO FIJO,GRAVE
LC-2020-0150065,1,2020,2020-03-08 00:00:00,18.0,12,GRAL PAZ,Point (97098.4846862323 109019.961066261),-58.494910546091,-34.547955815971,MOTO,AUTO,MOTO-AUTO,GRAVE
LC-2020-0153437,1,2020,2020-03-10 00:00:00,19.0,1,CALLE,Point (109096.620850743 103241.9322569),-58.364132473090,-34.600006113129,,,SD-SD,GRAVE
LC-2020-0154741,1,2020,2020-03-10 00:00:00,13.0,15,AVENIDA,Point (103327.558693617 103671.862063967),-58.427025765947,-34.596165135803,MOTO,AUTO,MOTO-AUTO,GRAVE
LC-2020-0157231,1,2020,2020-03-11 00:00:00,9.0,14,AVENIDA,Point (105034.202951742 105421.472964015),-58.408431831721,-34.580386510245,PEATON,TAXI,PEATON-TAXI,GRAVE
LC-2020-0163104,1,2020,2020-03-13 00:00:00,13.0,1,AVENIDA,Point (106677.529579232 102205.259856115),-58.390496180841,-34.609369562430,PEATON,TAXI,PEATON-TAXI,GRAVE
LC-2020-0168892,1,2020,2020-03-16 00:00:00,18.0,1,CALLE,Point (107365.981341859 101182.94287342),-58.382981350720,-34.618580464466,PEATON,AUTO,PEATON-AUTO,GRAVE
LC-2020-0169622,1,2020,2020-03-17 00:00:00,6.0,,,Point (96105.5300975196 100532.968900958),,,MOTO,OBJETO FIJO,MOTO-OBJETO FIJO,GRAVE
LC-2020-0171697,1,2020,2020-03-18 00:00:00,9.0,9,CALLE,Point (96519.2029581523 97460.682016825),-58.501269813766,-34.652154277347,PEATON,AUTO,PEATON-AUTO,GRAVE
LC-2020-0171748,1,2020,2020-03-18 00:00:00,10.0,2,AVENIDA,Point (105273.958371212 104072.963363299),-58.405810459883,-34.592541387059,TRANSPORTE PUBLICO,TRANSPORTE PUBLICO,TRANSPORTE PUBLICO-TRANSPORTE PUBLICO,GRAVE
LC-2020-0172440,2,2020,2020-03-18 00:00:00,15.0,9,GRAL PAZ,Point (94949.5305150086 96309.4913970691),-58.518399307019,-34.662524884133,MOTO,CAMIONETA,MOTO-CAMIONETA,GRAVE
LC-2020-0176572,2,2020,2020-03-21 00:00:00,15.0,9,GRAL PAZ,Point (94949.5305150086 96309.4913970691),-58.518399307019,-34.662524884133,MOTO,CAMIONETA,MOTO-CAMIONETA,GRAVE
LC-2020-0185173,1,2020,2020-03-31 00:00:00,22.0,1,CALLE,Point (107906.118045221 100638.302271605),-58.377086681431,-34.623486075823,MOTO,TAXI,MOTO-TAXI,GRAVE
LC-2020-0193291,1,2020,2020-04-09 00:00:00,23.0,5,AVENIDA,Point (104018.091200615 102857.589509125),-58.419494445085,-34.603502904209,MOTO,MOVIL,MOTO-MOVIL,GRAVE
LC-2020-0193352,1,2020,2020-04-09 00:00:00,22.0,1,CALLE,Point (107569.490179953 102872.126829564),-58.380777257719,-34.603352006361,PEATON,AUTO,PEATON-AUTO,GRAVE
LC-2020-0198305,1,2020,2020-04-14 00:00:00,18.0,,,,,,MOVIL,CAMIONETA,MOVIL-CAMIONETA,GRAVE
LC-2020-0202209,1,2020,2020-04-18 00:00:00,9.0,9,GRAL PAZ,Point (94001.4370958179 98266.8986304958),-58.528728743268,-34.644874976456,MOTO,,MOTO-SD,GRAVE
LC-2020-0202829,1,2020,2020-04-19 00:00:00,0.0,4,CALLE,Point (108889.672561184 98941.3390672216),-58.366343731057,-34.638775133426,MOVIL,,MOVIL-SD,GRAVE
LC-2020-0207083,1,2020,2020-04-22 00:00:00,16.0,12,AVENIDA,Point (99113.9776954177 107742.025551365),-58.472953670557,-34.559479581745,MOTO,,MOTO-SD,GRAVE
LC-2020-0207183,1,2020,2020-04-22 00:00:00,15.0,10,CALLE,Point (97268.1438792911 100763.939208045),-58.493089232535,-34.622379792763,MOTO,TRANSPORTE PUBLICO,MOTO-TRANSPORTE PUBLICO,GRAVE
LC-2020-0226581,1,2020,2020-05-04 00:00:00,19.0,14,AVENIDA,Point (102943.000866939 106932.199553246),-58.431228925411,-34.566776119774,MOTO,AUTO,MOTO-AUTO,GRAVE
LC-2020-0236439,1,2020,2020-05-11 00:00:00,22.0,,,Point (106673.128471739 104998.992430667),,,MOTO,OBJETO FIJO,MOTO-OBJETO FIJO,GRAVE
LC-2020-0237637,1,2020,2020-05-12 00:00:00,21.0,14,AVENIDA,Point (103232.998075886 104026.228423331),-58.428057900846,-34.592971019733,MOTO,AUTO,MOTO-AUTO,GRAVE
LC-2020-0245634,1,2020,2020-05-18 00:00:00,12.0,8,,Point (97853.429948 93841.223379),-58.486725,-34.684785,MOTO,CAMION,MOTO-CAMION,GRAVE
LC-2020-0253316,3,2020,2020-05-22 00:00:00,22.0,14,AVENIDA,Point (102991.79032889 105201.551765608),-58.430691277907,-34.582376847824,AUTO,,AUTO-SD,GRAVE
LC-2020-0256407,2,2020,2020-05-24 00:00:00,17.0,4,AVENIDA,Point (108629.480556505 100097.393685644),-58.369193235020,-34.628356240139,AUTO,,AUTO-SD,GRAVE
LC-2020-0257974,1,2020,2020-05-25 00:00:00,14.0,10,CALLE,Point (97169.5068459624 100858.873955878),-58.494164493546,-34.621523740627,MOTO,AUTO,MOTO-AUTO,GRAVE
LC-2020-0261903,1,2020,2020-05-27 00:00:00,17.0,1,AVENIDA,Point (107558.641468759 104433.487064821),-58.380909326948,-34.589277318756,CICLISTA,AUTO,CICLISTA-AUTO,GRAVE
LC-2020-0272555,1,2020,2020-06-01 00:00:00,20.0,15,CALLE,Point (99133.5265465526 105956.847562131),-58.472742595827,-34.575572047267,MOTO,MOTO,MOTO-MOTO,GRAVE
LC-2020-0272720,1,2020,2020-06-02 00:00:00,3.0,11,CALLE,Point (99499.8292155525 102387.352956985),-58.468752834239,-34.607749314184,MOTO,OBJETO FIJO,MOTO-OBJETO FIJO,GRAVE
LC-2020-0277919,1,2020,2020-06-04 00:00:00,14.0,,,Point (99830.290437953 110496.053174368),,,MOTO,,MOTO-SD,GRAVE
LC-2020-0295201,1,2020,2020-06-11 00:00:00,17.0,10,AVENIDA,Point (98199.3154838289 99466.6384098743),-58.482938143836,-34.634076272289,MOTO,CAMIONETA,MOTO-CAMIONETA,GRAVE
LC-2020-0312268,1,2020,2020-06-16 00:00:00,17.0,6,AVENIDA,Point (100986.560192539 102557.073559136),-58.452543857515,-34.606219108865,MOTO,AUTO,MOTO-AUTO,GRAVE
LC-2020-0315424,1,2020,2020-06-18 00:00:00,13.0,3,AVENIDA,Point (105258.353685547 102122.932314005),-58.405968607725,-34.610119872510,PEATON,,PEATON-SD,GRAVE
LC-2020-0361697,2,2020,2020-06-23 00:00:00,20.0,3,AVENIDA,Point (104990.865101895 102099.259386749),-58.408884860002,-34.610334591241,PEATON,MOTO,PEATON-MOTO,grave
LC-2020-0364717,1,2020,2020-06-25 00:00:00,7.0,3,AVENIDA,Point (106473.885956073 100694.595749646),-58.392705027273,-34.622988585968,CICLISTA,CAMION,CICLISTA-CAMION,GRAVE
LC-2020-0366649,1,2020,2020-06-25 00:00:00,0.0,15,AVENIDA,Point (99305.5608488595 105538.326866798),-58.470868074796,-34.579344926625,MOTO,AUTO,MOTO-AUTO,GRAVE
LC-2020-0374289,2,2020,2020-06-28 00:00:00,16.0,6,AVENIDA,Point (101227.062195129 102203.859602946),-58.449921332079,-34.609402880825,MOTO,AUTO,MOTO-AUTO,GRAVE
LC-2020-0236983,1,2020,2020-06-28 00:00:00,12.0,,,,,,MOTO,OBJETO FIJO,MOTO-OBJETO FIJO,GRAVE
LC-2020-0375535,2,2020,2020-06-29 00:00:00,11.0,1,CALLE,Point (108311.784192072 100997.447753556),-58.372666551864,-34.620245414693,,,SD-SD,GRAVE
LC-2020-0377780,1,2020,2020-06-30 00:00:00,6.0,13,AVENIDA,Point (101760.693649048 106537.928066871),-58.444111974782,-34.570332912280,PEATON,AUTO,PEATON-AUTO,GRAVE
LC-2020-0378574,1,2020,2020-06-30 00:00:00,18.0,11,AVENIDA,Point (94707.2170824396 101347.504420876),-58.521011081983,-34.617109151443,CICLISTA,AUTO,CICLISTA-AUTO,GRAVE
LC-2020-0379669,1,2020,2020-06-30 00:00:00,19.0,14,AVENIDA,Point (102494.301249984 107229.193655613),-58.436119347290,-34.564100034895,PEATON,AUTO,PEATON-AUTO,GRAVE
LC-2020-0390689,2,2020,2020-07-03 00:00:00,15.0,4,AVENIDA,Point (103196.941986991 97940.8904975995),-58.428428391879,-34.647826791103,,CAMION,SD-CAMION,GRAVE
LC-2020-0405155,1,2020,2020-07-04 00:00:00,9.0,4,CALLE,Point (104230.335619048 98277.0200675836),-58.417158004096,-34.644793109684,,,SD-SD,GRAVE
LC-2020-0409333,1,2020,2020-07-04 00:00:00,13.0,5,CALLE,Point (104221.838735116 100157.049125967),-58.417259926437,-34.627845859917,AUTO,AUTO,AUTO-AUTO,GRAVE
LC-2020-0433449,1,2020,2020-07-14 00:00:00,14.0,7,AVENIDA,Point (99524.587218701 99554.5036659814),-58.468484680408,-34.633285763336,MOTO,CAMIONETA,MOTO-CAMIONETA,GRAVE
LC-2020-0440598,1,2020,2020-07-17 00:00:00,13.0,4,AVENIDA,Point (107771.948348542 97816.2598557966),-58.378524051851,-34.648926019551,MOTO,CAMION,MOTO-CAMION,GRAVE
LC-2020-0442227,1,2020,2020-07-19 00:00:00,8.0,2,AVENIDA,Point (105708.148043532 103302.548712197),-58.401072420614,-34.599483938502,MOTO,TAXI,MOTO-TAXI,GRAVE
LC-2020-0445350,1,2020,2020-07-20 00:00:00,22.0,,,Point (102503.816702 107221.910175),,,MOTO,AUTO,MOTO-AUTO,GRAVE
LC-2020-0447919,1,2020,2020-07-22 00:00:00,19.0,11,CALLE,Point (97211.0872923475 101486.289580712),-58.493708982127,-34.615868080566,MOTO,AUTO,MOTO-AUTO,GRAVE
LC-2020-0450765,1,2020,2020-07-24 00:00:00,22.0,2,AVENIDA,Point (105493.522997397 103518.534697385),-58.403413531847,-34.597538107735,MOTO,,MOTO-SD,GRAVE
LC-2020-0456532,1,2020,2020-07-29 00:00:00,0.0,4,CALLE,Point (103603.500934289 96920.0736147122),-58.423989452886,-34.657027465393,MOTO,AUTO,MOTO-AUTO,GRAVE
LC-2020-0458114,1,2020,2020-07-30 00:00:00,13.0,1,CALLE,Point (107393.80855328 99820.7553833573),-58.382666134943,-34.630859548015,MOTO,TRANSPORTE PUBLICO,MOTO-TRANSPORTE PUBLICO,GRAVE
LC-2020-0467470,1,2020,2020-08-06 00:00:00,18.0,12,GRAL PAZ,Point (95720.9483675134 106663.037560225),-58.509930461176,-34.56919739421,MOTO,AUTO,MOTO-AUTO,GRAVE
LC-2020-0467910,1,2020,2020-08-07 00:00:00,9.0,1,CALLE,Point (107840.938880906 102332.950711627),-58.377812987123,-34.608210339078,CICLISTA,AUTO,CICLISTA-AUTO,GRAVE
LC-2020-0468840,1,2020,2020-08-07 00:00:00,20.0,13,CALLE,Point (100476.560362746 107835.21121207),-58.458106674044,-34.558639904650,MOTO,,MOTO-SD,GRAVE
LC-2020-0472376,2,2020,2020-08-10 00:00:00,13.0,5,AVENIDA,Point (104594.08782429 98982.7969006051),-58.413194195985,-34.638429433295,MOTO,,MOTO-SD,GRAVE
LC-2020-0479739,1,2020,2020-08-14 00:00:00,23.0,12,CALLE,Point (97259.1361605717 104746.793673806),-58.493174338124,-34.586476635918,MOTO,AUTO,MOTO-AUTO,GRAVE
LC-2020-0487568,2,2020,2020-08-20 00:00:00,19.0,5,CALLE,Point (103518.644799133 100069.262696098),-58.424928023058,-34.628639816388,,,SD-SD,GRAVE
LC-2020-0488775,1,2020,2020-08-21 00:00:00,10.0,1,,Point (107154.189620 105043.307820),-58.385323,-34.583783,MOTO,CAMIONETA,MOTO-CAMIONETA,GRAVE
LC-2020-0490537,1,2020,2020-08-23 00:00:00,3.0,4,AVENIDA,Point (106110.878687217 97539.5036498471),-58.396640907708,-34.651431957920,MOTO,AUTO,MOTO-AUTO,GRAVE
LC-2020-0492561,2,2020,2020-08-24 00:00:00,21.0,8,CALLE,Point (99195.8112086237 94790.8810699328),-58.472075110099,-34.676226497434,PEATON,,PEATON-SD,GRAVE
LC-2020-0493496,1,2020,2020-08-25 00:00:00,15.0,1,CALLE,Point (107624.885608592 103838.285902462),-58.380181952552,-34.594642233509,,,SD-SD,GRAVE
LC-2020-0498512,2,2020,2020-08-28 00:00:00,22.0,12,GRAL PAZ,Point (95720.9483675134 106663.037560225),-58.509930461176,-34.56919739421,AUTO,,AUTO-SD,GRAVE
LC-2020-0497249,1,2020,2020-08-28 00:00:00,4.0,,,,,,CAMIONETA,OBJETO FIJO,CAMIONETA-OBJETO FIJO,GRAVE
LC-2020-0499483,1,2020,2020-08-29 00:00:00,22.0,7,AVENIDA,Point (100143.270738036 99779.1428461667),-58.461737407610,-34.631260913232,MOTO,CAMIONETA,MOTO-CAMIONETA,GRAVE
LC-2020-0499526,1,2020,2020-08-30 00:00:00,22.0,4,AVENIDA,Point (105178.673170469 97562.2547035474),-58.406809788302,-34.651231956735,,,SD-SD,GRAVE
LC-2020-0500021,1,2020,2020-08-30 00:00:00,17.0,4,AVENIDA,Point (105986.638322203 99009.6952069303),-58.398006448361,-34.638179851346,CICLISTA,CICLISTA,CICLISTA-CICLISTA,GRAVE
LC-2020-0500134,1,2020,2020-08-30 00:00:00,20.0,11,AVENIDA,Point (98700.34561695 100806.810586282),-58.477471769967,-34.621996224030,CICLISTA,AUTO,CICLISTA-AUTO,GRAVE
hc-2020-0499647,3,2020,2020-08-30 00:00:00,4.0,,,Point (105241.055532562 105080.521115135),,,AUTO,AUTO,AUTO-AUTO,FATAL
LC-2020-0501593,1,2020,2020-08-31 00:00:00,20.0,14,CALLE,Point (103497.410679187 105027.394678447),-58.425179696658,-34.583945209039,PEATON,MOTO,PEATON-MOTO,GRAVE
LC-2020-0502814,1,2020,2020-09-01 00:00:00,17.0,8,CALLE,Point (98787.9199654068 93324.7828239138),-58.476528019955,-34.689441934091,MOTO,,MOTO-SD,GRAVE
LC-2020-0506269,1,2020,2020-09-04 00:00:00,12.0,10,CALLE,Point (94647.7264157618 99574.167860586),-58.521671062786,-34.633094383951,CICLISTA,,CICLISTA-SD,GRAVE
LC-2020-0505867,1,2020,2020-09-04 00:00:00,8.0,,,Point (95912.410296893 104958.070011073),,,MOTO,OBJETO FIJO,MOTO-OBJETO FIJO,GRAVE
LC-2020-0507335,1,2020,2020-09-05 00:00:00,8.0,14,AVENIDA,Point (103599.113470393 106483.0425033),-58.424077262795,-34.570822981848,MOTO,AUTO,MOTO-AUTO,GRAVE
LC-2020-0513320,3,2020,2020-09-09 00:00:00,17.0,12,CALLE,Point (96216.2241604424 106531.660892763),-58.504533778782,-34.570383654489,AUTO,AUTO,AUTO-AUTO,GRAVE
LC-2020-0514850,1,2020,2020-09-10 00:00:00,18.0,,,,,,MOTO,TRANSPORTE PUBLICO,MOTO-TRANSPORTE PUBLICO,GRAVE
LC-2020-0519137,1,2020,2020-09-14 00:00:00,12.0,6,AVENIDA,Point (102702.528341376 102257.108395065),-58.433834832978,-34.608920128700,CICLISTA,TRANSPORTE PUBLICO,CICLISTA-TRANSPORTE PUBLICO,GRAVE
LC-2020-0522222,1,2020,2020-09-16 00:00:00,9.0,11,AVENIDA,Point (98264.5705324784 102092.360149717),-58.482220929239,-34.610407090749,PEATON,,PEATON-SD,GRAVE
LC-2020-0523118,1,2020,2020-09-16 00:00:00,16.0,4,CALLE,Point (108708.404532164 99318.7668668496),-58.368324602183,-34.635374408154,AUTO,TRANSPORTE PUBLICO,AUTO-TRANSPORTE PUBLICO,GRAVE
LC-2020-0527163,1,2020,2020-09-19 00:00:00,8.0,13,CALLE,Point (101523.97833209 107639.792196244),-58.446693522491,-34.560400544535,AUTO,TRANSPORTE PUBLICO,AUTO-TRANSPORTE PUBLICO,GRAVE
LC-2020-0530776,1,2020,2020-09-22 00:00:00,12.0,12,CALLE,Point (96948.8848658263 105847.704255337),-58.496551982451,-34.576551634732,MOTO,CAMIONETA,MOTO-CAMIONETA,GRAVE
LC-2020-0536280,1,2020,2020-09-25 00:00:00,11.0,14,AVENIDA,Point (103600.346059919 107446.360841358),-58.424067846404,-34.562139165932,MOTO,AUTO,MOTO-AUTO,GRAVE
LC-2020-0540776,1,2020,2020-09-28 00:00:00,18.0,9,CALLE,Point (95470.8643936422 98760.872659288),-58.512698431905,-34.640429739698,CICLISTA,AUTO,CICLISTA-AUTO,GRAVE
LC-2020-0546234,1,2020,2020-10-01 00:00:00,18.0,12,AVENIDA,Point (96580.5873709845 107056.044258518),-58.500560925945,-34.565657909688,,,SD-SD,GRAVE
LC-2020-0549627,1,2020,2020-10-03 00:00:00,16.0,11,AVENIDA,Point (98911.0632828712 101357.763560132),-58.475173273935,-34.617029969533,,,SD-SD,GRAVE
LC-2020-0549843,4,2020,2020-10-03 00:00:00,19.0,5,CALLE,Point (104281.777613908 100228.390182334),-58.416606637975,-34.627202518805,,,SD-SD,GRAVE
LC-2020-0550109,1,2020,2020-10-04 00:00:00,6.0,,,Point (97525.4810255123 106595.292309656),,,AUTO,,AUTO-SD,GRAVE
LC-2020-0557399,1,2020,2020-10-08 00:00:00,17.0,3,CALLE,Point (105213.237583781 102280.484735251),-58.406461459817,-34.608699857821,,,SD-SD,GRAVE
LC-2020-0559297,2,2020,2020-10-09 00:00:00,19.0,11,AVENIDA,Point (100054.547774737 102429.175615128),-58.462704985806,-34.607372457359,MOTO,MOTO,MOTO-MOTO,GRAVE
LC-2020-0560214,2,2020,2020-10-10 00:00:00,15.0,13,CALLE,Point (100643.663075276 107668.209651916),-58.456285783700,-34.560145256491,,,SD-SD,GRAVE
LC-2020-0563014,1,2020,2020-10-13 00:00:00,10.0,4,AVENIDA,Point (106723.21166467 99232.3238443431),-58.389974744303,-34.636168469015,,,SD-SD,GRAVE
LC-2020-0563211,1,2020,2020-10-13 00:00:00,11.0,9,AVENIDA,Point (97993.1350067138 98435.6060294162),-58.485189255905,-34.643369988085,MOVIL,AUTO,MOVIL-AUTO,GRAVE
LC-2020-0563886,2,2020,2020-10-13 00:00:00,14.0,12,AVENIDA,Point (97397.5868860103 105482.316804925),-58.491662956453,-34.579846664027,,,SD-SD,GRAVE
LC-2020-0564902,1,2020,2020-10-14 00:00:00,11.0,12,CALLE,Point (98851.0126579394 106229.208184404),-58.475821145318,-34.573116569033,,,SD-SD,GRAVE
LC-2020-0566097,1,2020,2020-10-14 00:00:00,21.0,6,CALLE,Point (102074.652193607 100757.375520908),-58.440676810982,-34.622440757715,,,SD-SD,GRAVE
LC-2020-0566594,1,2020,2020-10-15 00:00:00,10.0,7,CALLE,Point (98893.9364053017 100482.12718325),-58.475361220118,-34.624923285923,,,SD-SD,GRAVE
LC-2020-0567022,1,2020,2020-10-15 00:00:00,13.0,9,AVENIDA,Point (98661.6531864668 97210.3567367307),-58.477899601732,-34.654415949948,PEATON,AUTO,PEATON-AUTO,GRAVE
LC-2020-0567178,1,2020,2020-10-15 00:00:00,14.0,15,AVENIDA,Point (98566.6502391131 104938.422078502),-58.478922395789,-34.584751937550,PEATON,CAMIONETA,PEATON-CAMIONETA,GRAVE
LC-2020-0567324,4,2020,2020-10-15 00:00:00,15.0,,,,,,,,SD-SD,GRAVE
LC-2020-0567622,2,2020,2020-10-15 00:00:00,17.0,14,AVENIDA,Point (103570.930683718 105543.599175168),-58.424380505493,-34.579291657679,,,SD-SD,GRAVE
LC-2020-0569393,5,2020,2020-10-16 00:00:00,17.0,5,AVENIDA,Point (104737.698777881 99012.8830065377),-58.411628060482,-34.638157580160,,,SD-SD,GRAVE
LC-2020-0571206,3,2020,2020-10-18 00:00:00,17.0,11,CALLE,Point (95472.156151709 102228.809186466),-58.512665600576,-34.609168412898,,,SD-SD,GRAVE
LC-2020-0573065,1,2020,2020-10-19 00:00:00,21.0,13,CALLE,Point (100636.548418348 108711.668777566),-58.456364020571,-34.550739002420,,,SD-SD,GRAVE
LC-2020-0574996,3,2020,2020-10-21 00:00:00,8.0,12,GRAL PAZ,Point (95486.3398385601 105698.521652352),-58.512492294473,-34.577890973999,,,SD-SD,GRAVE
LC-2020-0575117,1,2020,2020-10-21 00:00:00,10.0,9,AVENIDA,Point (97222.1915909453 95707.4684357145),-58.493607226660,-34.667960525134,CICLISTA,CAMION,CICLISTA-CAMION,GRAVE
LC-2020-0577747,1,2020,2020-10-22 00:00:00,18.0,13,CALLE,Point (99251.6481497489 109634.717677404),-58.471451792165,-34.542418020435,,,SD-SD,GRAVE
LC-2020-0577955,2,2020,2020-10-23 00:00:00,0.0,12,AVENIDA,Point (96432.2724379319 104767.780470061),-58.502186874288,-34.586284868298,,,SD-SD,GRAVE
LC-2020-0579507,1,2020,2020-10-23 00:00:00,20.0,11,AVENIDA,Point (100098.741164501 102491.225794702),-58.462223170413,-34.606813110066,,,SD-SD,GRAVE
LC-2020-0590034,1,2020,2020-10-30 00:00:00,18.0,11,CALLE,Point (94621.4204865079 101906.725535104),-58.521943006869,-34.612067655778,,,SD-SD,GRAVE
LC-2020-0590279,1,2020,2020-10-31 00:00:00,23.0,3,AVENIDA,Point (105102.508769087 102110.048867701),-58.407667686022,-34.610236787447,,,SD-SD,GRAVE
LC-2020-0590736,2,2020,2020-10-31 00:00:00,11.0,1,AVENIDA,Point (107463.712955726 103090.51407032),-58.381932343475,-34.601384141356,,,SD-SD,GRAVE
LC-2020-0591918,1,2020,2020-11-01 00:00:00,13.0,2,CALLE,Point (106612.056902443 104311.295106276),-58.391226278628,-34.590385289498,TAXI,AUTO,TAXI-AUTO,GRAVE
LC-2020-0595736,1,2020,2020-11-03 00:00:00,20.0,12,AVENIDA,Point (95626.7757869629 105636.352355343),-58.510962056284,-34.578452011377,CICLISTA,,CICLISTA-SD,GRAVE
LC-2020-0600378,5,2020,2020-11-06 00:00:00,15.0,4,CALLE,Point (108119.731976499 97997.6498713194),-58.374732180149,-34.647288229088,,,SD-SD,GRAVE
LC-2020-0601157,1,2020,2020-11-06 00:00:00,22.0,,,Point (97300.1332008077 108875.879693126),,,PEATON,MOTO,PEATON-MOTO,GRAVE
LC-2020-0601387,1,2020,2020-11-07 00:00:00,4.0,12,CALLE,Point (99032.7980111919 106008.652105991),-58.473840308370,-34.575104961687,AUTO,OBJETO FIJO,AUTO-OBJETO FIJO,GRAVE
LC-2020-0602658,1,2020,2020-11-08 00:00:00,6.0,,,Point (95377.5937563915 105484.328286004),,,AUTO,OBJETO FIJO,AUTO-OBJETO FIJO,GRAVE
LC-2020-0604850,1,2020,2020-11-09 00:00:00,20.0,11,AVENIDA,Point (97900.6531038382 102609.354010733),-58.486187371993,-34.60574599289,MOTO,OBJETO FIJO,MOTO-OBJETO FIJO,GRAVE
LC-2020-0605686,3,2020,2020-11-10 00:00:00,12.0,8,CALLE,Point (98925.1542222502 94479.2617102875),-58.475028805125,-34.679035269632,,,SD-SD,GRAVE
LC-2020-0606614,1,2020,2020-11-10 00:00:00,15.0,12,CALLE,Point (99390.4576351931 109157.909036036),-58.469939970083,-34.546716316696,,,SD-SD,GRAVE
LC-2020-0608364,2,2020,2020-11-11 00:00:00,19.0,12,GRAL PAZ,Point (96177.5254657839 107508.053384761),-58.504951052626,-34.561581840574,MOTO,,MOTO-SD,GRAVE
LC-2020-0608910,1,2020,2020-11-12 00:00:00,9.0,15,CALLE,Point (101046.494216387 104370.7665392),-58.451892553509,-34.589869639026,,,SD-SD,GRAVE
LC-2020-0609911,1,2020,2020-11-12 00:00:00,14.0,10,CALLE,Point (95872.1814974826 101701.972013777),-58.508306827417,-34.613919247463,MOTO,,MOTO-SD,GRAVE
LC-2020-0613836,1,2020,2020-11-14 00:00:00,15.0,13,CALLE,Point (99620.1954144562 109029.764829551),-58.467437137295,-34.547871596429,MOTO,AUTO,MOTO-AUTO,GRAVE
LC-2020-0614486,1,2020,2020-11-15 00:00:00,7.0,1,AVENIDA,Point (107638.308135877 100788.281627915),-58.380008382205,-34.622136118522,,,SD-SD,GRAVE
LC-2020-0616585,1,2020,2020-11-16 00:00:00,16.0,1,AVENIDA,Point (108466.669477111 104439.396089483),-58.371011765342,-34.589217017498,CICLISTA,,CICLISTA-SD,GRAVE
LC-2020-0616664,1,2020,2020-11-16 00:00:00,19.0,7,CALLE,Point (99875.126200193 98398.1102752243),-58.464661985298,-34.643710046365,CICLISTA,AUTO,CICLISTA-AUTO,GRAVE
LC-2020-0620023,1,2020,2020-11-18 00:00:00,19.0,12,AVENIDA,Point (96721.7298545055 108560.039605482),-58.499016995776,-34.552100627248,MOTO,TAXI,MOTO-TAXI,GRAVE
LC-2020-0619521,1,2020,2020-11-18 00:00:00,13.0,,,,,,MOTO,AUTO,MOTO-AUTO,GRAVE
LC-2020-0622137,1,2020,2020-11-20 00:00:00,8.0,12,AVENIDA,Point (99190.2638323868 108907.914087217),-58.472121252862,-34.54896974916,CICLISTA,,CICLISTA-SD,GRAVE
LC-2020-0623470,1,2020,2020-11-20 00:00:00,18.0,10,GRAL PAZ,Point (93886.1315202803 100537.619572029),-58.529969900473,-34.624405164117,PEATON,AUTO,PEATON-AUTO,GRAVE
HC-2020-0624349,1,2020,2020-11-21 00:00:00,13.0,8,GRAL PAZ,POINT(99778.4656554 92026.2933425),-58.466449,-34.700942,MOTO,CAMION,MOTO-CAMION,FATAL
LC-2020-0625504,1,2020,2020-11-22 00:00:00,15.0,3,CALLE,Point (105491.119103334 103138.223042775),-58.403437302207,-34.600966411904,MOTO,CAMIONETA,MOTO-CAMIONETA,GRAVE
LC-2020-0626999,4,2020,2020-11-24 00:00:00,8.0,12,CALLE,Point (98235.6714401859 107113.348544423),-58.482525260213,-34.565145602554,,,SD-SD,GRAVE
LC-2020-0629871,1,2020,2020-11-25 00:00:00,18.0,9,AVENIDA,Point (96528.376133994 96370.2488666611),-58.501174291656,-34.661983848174,,,SD-SD,GRAVE
LC-2020-0639164,1,2020,2020-12-01 00:00:00,19.0,,,,,,,,SD-SD,GRAVE
LC-2020-0642840,1,2020,2020-12-04 00:00:00,1.0,,,Point (108747.983897 102553.288679),,,CICLISTA,CAMION,CICLISTA-CAMION,GRAVE
LC-2020-0647136,1,2020,2020-12-07 00:00:00,15.0,5,AVENIDA,Point (104270.9888409 102057.09194611),-58.416733379933,-34.610717915433,PEATON,AUTO,PEATON-AUTO,GRAVE
LC-2020-0647911,1,2020,2020-12-08 00:00:00,12.0,13,CALLE,Point (101133.320560783 106720.685801275),-58.450949109102,-34.568686296858,,,SD-SD,GRAVE
LC-2020-0648910,1,2020,2020-12-09 00:00:00,10.0,5,CALLE,Point (104378.832932159 102754.817154579),-58.415561117260,-34.604427881535,,,SD-SD,GRAVE
LC-2020-0650025,1,2020,2020-12-09 00:00:00,16.0,,,,,,MOTO,AUTO,MOTO-AUTO,GRAVE
LC-2020-0650138,1,2020,2020-12-09 00:00:00,19.0,14,AVENIDA,Point (103039.512830364 106863.912619527),-58.430176975500,-34.567391415133,MOTO,AUTO,MOTO-AUTO,GRAVE
LC-2020-0650302,1,2020,2020-12-09 00:00:00,20.0,12,GRAL PAZ,Point (95359.8136267277 105438.602569943),-58.513872695117,-34.580233433206,,,SD-SD,GRAVE
LC-2020-0651213,2,2020,2020-12-10 00:00:00,13.0,11,CALLE,Point (95570.3059496597 102767.713601578),-58.511592651825,-34.604310937363,,,SD-SD,GRAVE
LC-2020-0653969,3,2020,2020-12-11 00:00:00,21.0,11,,Point (95619.758901 103248.293640),-58.511051,-34.599979,,,SD-SD,GRAVE
LC-2020-0656094,1,2020,2020-12-13 00:00:00,18.0,9,CALLE,Point (98173.0217049694 96511.3854181687),-58.483231469832,-34.660715937222,MOTO,CAMIONETA,MOTO-CAMIONETA,GRAVE
LC-2020-0656801,1,2020,2020-12-14 00:00:00,20.0,11,AVENIDA,Point (96796.5144762647 103527.771825295),-58.498221485661,-34.597464072349,,,SD-SD,GRAVE
LC-2020-0657661,1,2020,2020-12-14 00:00:00,9.0,14,AVENIDA,Point (101796.094617391 106540.165555542),-58.443726191433,-34.570312683143,AUTO,,AUTO-SD,GRAVE
LC-2020-0664121,1,2020,2020-12-17 00:00:00,22.0,,,,,,MOTO,OBJETO FIJO,MOTO-OBJETO FIJO,GRAVE
LC-2020-0666672,2,2020,2020-12-19 00:00:00,11.0,13,AUTOPISTA,Point (102842.06561704 108587.106590075),-58.432334258831,-34.551858256993,,,SD-SD,GRAVE
LC-2020-0668101,1,2020,2020-12-20 00:00:00,20.0,,,Point (97801.3181571437 99194.9392060506),,,PEATON,AUTO,PEATON-AUTO,GRAVE
LC-2020-0673297,1,2020,2020-12-23 00:00:00,14.0,10,CALLE,Point (96894.0394909488 99951.3461461369),-58.497171669671,-34.629703739086,,,SD-SD,GRAVE
LC-2020-0673660,1,2020,2020-12-23 00:00:00,16.0,13,CALLE,Point (100492.271948932 106299.285337941),-58.457934688669,-34.572485472806,,,SD-SD,GRAVE
LC-2020-0673856,1,2020,2020-12-23 00:00:00,19.0,12,AVENIDA,Point (97441.2874534714 108228.652980351),-58.491178226865,-34.555089991374,,,SD-SD,GRAVE
LC-2020-0674774,1,2020,2020-12-24 00:00:00,12.0,12,CALLE,Point (98843.2608088701 108032.861074066),-58.475903055386,-34.556857563935,CICLISTA,AUTO,CICLISTA-AUTO,GRAVE
LC-2020-0675833,1,2020,2020-12-25 00:00:00,20.0,13,AVENIDA,Point (102580.468971615 108299.04909207),-58.435183566364,-34.554455626407,,,SD-SD,GRAVE
LC-2020-0675061,1,2020,2020-12-25 00:00:00,18.0,,,,,,PEATON,AUTO,PEATON-AUTO,GRAVE
LC-2020-0676722,4,2020,2020-12-26 00:00:00,19.0,10,AVENIDA,Point (97925.3680028347 100457.582918612),-58.485923324549,-34.625142983995,,,SD-SD,GRAVE
LC-2020-0677046,1,2020,2020-12-26 00:00:00,6.0,,,Point (105904.093340537 99260.9312536428),,,AUTO,OBJETO FIJO,AUTO-OBJETO FIJO,GRAVE
LC-2020-0679419,1,2020,2020-12-28 00:00:00,17.0,13,CALLE,Point (100665.900000624 107184.438089253),-58.456043135205,-34.564506195415,,,SD-SD,GRAVE
LC-2020-0006316,1,2020,2020-12-29 00:00:00,17.0,,,Point (99682.2428239268 110354.969566445),,,PEATON,AUTO,PEATON-AUTO,GRAVE
LC-2020-0683263,1,2020,2020-12-30 00:00:00,10.0,,,,,,MOTO,OBJETO FIJO,MOTO-OBJETO FIJO,GRAVE
LC-2020-0683870,1,2020,2020-12-31 00:00:00,22.0,12,CALLE,Point (96033.2157650549 105300.60971272),-58.506533968520,-34.581480220190,,,SD-SD,GRAVE
LC-2021-0000592,1,2021,2021-01-01 00:00:00,0.0,,,,,,CICLISTA,OBJETO FIJO,CICLISTA-OBJETO FIJO,GRAVE
LC-2021-0003027,1,2021,2021-01-04 00:00:00,6.0,14,AVENIDA,Point (103291.708862739 105715.6040439),-58.427424352682,-34.577742044107,TAXI,TRANSPORTE PUBLICO,TAXI-TRANSPORTE PUBLICO,GRAVE
LC-2021-0003715,1,2021,2021-01-04 00:00:00,12.0,11,AVENIDA,Point (98492.7521094188 100884.896437322),-58.479735311952,-34.621292031988,CAMIONETA,,CAMIONETA-SD,GRAVE
LC-2021-0004613,1,2021,2021-01-04 00:00:00,19.0,12,AVENIDA,Point (97268.7091176305 108326.907786075),-58.493058262960,-34.554203820755,MOTO,,MOTO-SD,GRAVE
LC-2021-0004758,1,2021,2021-01-05 00:00:00,0.0,1,CALLE,Point (109756.533694143 101362.183940348),-58.356916929374,-34.616944897255,PEATON,CAMIONETA,PEATON-CAMIONETA,GRAVE
LC-2021-0007946,1,2021,2021-01-06 00:00:00,16.0,4,CALLE,Point (103974.859439887 98424.024722182),-58.419945264189,-34.643468965258,MOTO,,MOTO-SD,GRAVE
LC-2021-0008483,1,2021,2021-01-07 00:00:00,1.0,4,AVENIDA,Point (106146.540700233 98525.816585395),-58.396258990204,-34.642540772013,,,SD-SD,GRAVE
LC-2021-0008507,2,2021,2021-01-07 00:00:00,0.0,14,CALLE,Point (103903.579692658 105258.251208581),-58.420753727261,-34.581862722433,AUTO,OBJETO FIJO,AUTO-OBJETO FIJO,GRAVE
LC-2021-0009776,1,2021,2021-01-07 00:00:00,0.0,,,,,,MOTO,AUTO,MOTO-AUTO,GRAVE
LC-2021-0011796,1,2021,2021-01-08 00:00:00,20.0,3,CALLE,Point (106078.848330449 102302.432135138),-58.397024146757,-34.608497299810,TRANSPORTE PUBLICO,TRANSPORTE PUBLICO,TRANSPORTE PUBLICO-TRANSPORTE PUBLICO,GRAVE
LC-2021-0013142,1,2021,2021-01-10 00:00:00,5.0,2,AVENIDA,Point (105858.527898007 103756.123502945),-58.399436159799,-34.595394382029,,,SD-SD,GRAVE
LC-2021-0013682,1,2021,2021-01-10 00:00:00,17.0,12,AVENIDA,Point (97860.6297774831 106812.008027245),-58.486612862679,-34.567861298195,MOTO,MOVIL,MOTO-MOVIL,GRAVE
LC-2021-0013856,1,2021,2021-01-10 00:00:00,21.0,15,AVENIDA,Point (98987.7088648585 104100.499809126),-58.474334099744,-34.592305867133,PEATON,AUTO,PEATON-AUTO,GRAVE
LC-2021-0015623,1,2021,2021-01-12 00:00:00,0.0,,,,,,MOTO,OBJETO FIJO,MOTO-OBJETO FIJO,GRAVE
LC-2021-0015762,2,2021,2021-01-12 00:00:00,8.0,12,CALLE,Point (97633.5024933293 107491.155280835),-58.489086012946,-34.561738628065,MOTO,AUTO,MOTO-AUTO,GRAVE
LC-2021-0026909,1,2021,2021-01-13 00:00:00,0.0,9,CALLE,Point (97558.5915521101 98313.7702872373),-58.489929272468,-34.644467293696,MOTO,OBJETO FIJO,MOTO-OBJETO FIJO,GRAVE
LC-2021-0020459,1,2021,2021-01-14 00:00:00,17.0,10,CALLE,Point (96695.7319753651 100517.363303323),-58.499332054257,-34.624600810357,CAMIONETA,TRANSPORTE PUBLICO,CAMIONETA-TRANSPORTE PUBLICO,GRAVE
LC-2021-0020832,1,2021,2021-01-15 00:00:00,0.0,,,,,,MOTO,,MOTO-SD,GRAVE
LC-2021-0022759,1,2021,2021-01-16 00:00:00,5.0,5,CALLE,Point (104174.455721421 100527.431015412),-58.417778446052,-34.624507285001,MOTO,AUTO,MOTO-AUTO,GRAVE
LC-2021-0024067,1,2021,2021-01-17 00:00:00,15.0,14,AVENIDA,Point (104189.233216467 103508.311113776),-58.417631824512,-34.597636347168,MOTO,AUTO,MOTO-AUTO,GRAVE
LC-2021-0024527,1,2021,2021-01-18 00:00:00,1.0,1,AVENIDA,Point (107438.101361197 102829.304178003),-58.382209281858,-34.603738980870,,,SD-SD,GRAVE
LC-2021-0026710,1,2021,2021-01-19 00:00:00,0.0,,,,,,PEATON,AUTO,PEATON-AUTO,GRAVE
LC-2021-0028138,1,2021,2021-01-19 00:00:00,0.0,,,,,,AUTO,OBJETO FIJO,AUTO-OBJETO FIJO,GRAVE
LC-2021-0028255,1,2021,2021-01-20 00:00:00,3.0,5,CALLE,Point (104094.933655822 102177.322585849),-58.418653471021,-34.609634814955,MOTO,CAMIONETA,MOTO-CAMIONETA,GRAVE
LC-2021-0029025,1,2021,2021-01-20 00:00:00,12.0,12,GRAL PAZ,Point (97575.8193794083 109300.005410273),-58.489709289621,-34.545432615088,MOTO,AUTO,MOTO-AUTO,GRAVE
LC-2021-0032262,1,2021,2021-01-22 00:00:00,0.0,,,,,,MOTO,CAMIONETA,MOTO-CAMIONETA,GRAVE
LC-2021-0033915,1,2021,2021-01-23 00:00:00,14.0,14,AVENIDA,Point (104392.115756794 105259.180385202),-58.415429095416,-34.581852400307,,,SD-SD,GRAVE
LC-2021-0034252,1,2021,2021-01-23 00:00:00,0.0,,,,,,MOTO,CICLISTA,MOTO-CICLISTA,GRAVE
LC-2021-0034628,1,2021,2021-01-24 00:00:00,6.0,4,AVENIDA,Point (107714.959037519 97803.0045191789),-58.379145567324,-34.649045935290,AUTO,OBJETO FIJO,AUTO-OBJETO FIJO,GRAVE
LC-2021-0034735,3,2021,2021-01-24 00:00:00,13.0,4,CALLE,Point (109576.154643157 98500.0417554654),-58.358851590655,-34.642746998891,MOTO,OBJETO FIJO,MOTO-OBJETO FIJO,GRAVE
LC-2021-0034980,1,2021,2021-01-24 00:00:00,0.0,,,,,,AUTO,AUTO,AUTO-AUTO,GRAVE
LC-2021-0036015,1,2021,2021-01-25 00:00:00,11.0,10,CALLE,Point (94638.5407240639 101274.622862062),-58.521760378621,-34.617765774712,MOTO,AUTO,MOTO-AUTO,GRAVE
LC-2021-0036486,1,2021,2021-01-25 00:00:00,0.0,,,,,,MOTO,OBJETO FIJO,MOTO-OBJETO FIJO,GRAVE
LC-2021-0036492,1,2021,2021-01-25 00:00:00,14.0,1,AVENIDA,Point (106609.862847996 100596.140969378),-58.391221501195,-34.623875235786,,,SD-SD,GRAVE
LC-2021-0038668,1,2021,2021-01-26 00:00:00,,,CALLE,,,,MOTO,AUTO,MOTO-AUTO,GRAVE
LC-2021-0040660,1,2021,2021-01-28 00:00:00,2.0,6,CALLE,Point (103023.745274808 102035.749127533),-58.430331925335,-34.610914673983,MOTO,AUTO,MOTO-AUTO,GRAVE
LC-2021-0041333,1,2021,2021-01-28 00:00:00,11.0,1,AVENIDA,Point (107502.313842472 102172.851734476),-58.381503476110,-34.609656049320,,,SD-SD,GRAVE
LC-2021-0041576,1,2021,2021-01-28 00:00:00,14.0,11,CALLE,Point (96905.3276865032 103074.524705597),-58.497036971779,-34.601550175993,MOTO,AUTO,MOTO-AUTO,GRAVE
LC-2021-0042464,1,2021,2021-01-29 00:00:00,8.0,9,AVENIDA,Point (97222.1915909453 95707.4684357145),-58.493607226660,-34.667960525134,PEATON,TRANSPORTE PUBLICO,PEATON-TRANSPORTE PUBLICO,GRAVE
LC-2021-0045648,2,2021,2021-02-01 00:00:00,4.0,12,GRAL PAZ,Point (96832.3326795394 108877.892405725),-58.497810742699,-34.549235695212,,,SD-SD,GRAVE
LC-2021-0045990,1,2021,2021-02-01 00:00:00,9.0,13,CALLE,Point (99505.2015821891 108788.895560235),-58.468690120520,-34.550042858774,MOTO,OBJETO FIJO,MOTO-OBJETO FIJO,GRAVE
LC-2021-0048337,1,2021,2021-02-02 00:00:00,16.0,1,CALLE,Point (107987.723959592 101960.702266104),-58.376209168212,-34.611564813500,PEATON,MOTO,PEATON-MOTO,GRAVE
LC-2021-0053241,1,2021,2021-02-05 00:00:00,13.0,6,AVENIDA,Point (100744.464298818 102633.192093588),-58.455183334176,-34.605533135471,MOTO,CAMION,MOTO-CAMION,GRAVE
LC-2021-0061453,2,2021,2021-02-10 00:00:00,13.0,14,AVENIDA,Point (102442.605391119 104712.415192167),-58.436675600269,-34.586787569032,MOTO,TRANSPORTE PUBLICO,MOTO-TRANSPORTE PUBLICO,GRAVE
LC-2021-0052196,1,2021,2021-02-11 00:00:00,0.0,,,,,,MOTO,CAMIONETA,MOTO-CAMIONETA,GRAVE
LC-2021-0065450,1,2021,2021-02-12 00:00:00,21.0,12,AVENIDA,Point (96312.9342326721 104681.070798744),-58.503488012339,-34.587066080300,MOTO,AUTO,MOTO-AUTO,GRAVE
LC-2021-0067436,1,2021,2021-02-14 00:00:00,0.0,,,,,,MOTO,MOTO,MOTO-MOTO,GRAVE
LC-2021-0069034,2,2021,2021-02-16 00:00:00,8.0,13,CALLE,Point (102290.15813878 109223.259626211),-58.438349102752,-34.546124999798,MOTO,,MOTO-SD,GRAVE
LC-2021-0072066,3,2021,2021-02-18 00:00:00,1.0,8,CALLE,Point (98703.4333546748 94475.0991730824),-58.477448204806,-34.679072523332,MOTO,TAXI,MOTO-TAXI,GRAVE
LC-2021-0072440,1,2021,2021-02-18 00:00:00,9.0,14,CALLE,Point (104106.55665534 103748.599324055),-58.418534247038,-34.595470614835,CICLISTA,CAMIONETA,CICLISTA-CAMIONETA,GRAVE
LC-2021-0075707,1,2021,2021-02-19 00:00:00,0.0,,,,,,MOTO,AUTO,MOTO-AUTO,GRAVE
LC-2021-0078164,1,2021,2021-02-21 00:00:00,0.0,,,,,,MOTO,AUTO,MOTO-AUTO,GRAVE
LC-2021-0079643,1,2021,2021-02-22 00:00:00,18.0,4,AVENIDA,Point (103358.147670969 97681.1005168196),-58.426668980220,-34.650168123595,MOTO,,MOTO-SD,GRAVE
LC-2021-0080890,2,2021,2021-02-23 00:00:00,9.0,15,AVENIDA,Point (96674.6123522601 103697.454733898),-58.499549690405,-34.595934083035,PEATON,MOTO,PEATON-MOTO,GRAVE
LC-2021-0081887,1,2021,2021-02-23 00:00:00,0.0,,,,,,CICLISTA,OBJETO FIJO,CICLISTA-OBJETO FIJO,GRAVE
LC-2021-0085572,1,2021,2021-02-25 00:00:00,0.0,,,,,,MOTO,AUTO,MOTO-AUTO,GRAVE
LC-2021-0089577,1,2021,2021-02-27 00:00:00,22.0,15,AVENIDA,Point (102738.619872116 104127.660670644),-58.433447250405,-34.592058075633,MOTO,MOTO,MOTO-MOTO,GRAVE
LC-2021-0089666,2,2021,2021-02-28 00:00:00,2.0,15,AVENIDA,Point (101034.990031654 102562.881523185),-58.452015865035,-34.606166708340,AUTO,TAXI,AUTO-TAXI,GRAVE
LC-2021-0095066,1,2021,2021-03-02 00:00:00,23.0,2,AVENIDA,Point (106419.990660195 103703.832861097),-58.393315301106,-34.595862425833,MOTO,AUTO,MOTO-AUTO,GRAVE
LC-2021-0095313,1,2021,2021-03-03 00:00:00,8.0,9,AVENIDA,Point (98475.4414313688 98665.1114730461),-58.479928209407,-34.641301998400,PEATON,MOTO,PEATON-MOTO,GRAVE
LC-2021-0098397,1,2021,2021-03-04 00:00:00,,,AVENIDA,,,,PEATON,AUTO,PEATON-AUTO,GRAVE
LC-2021-0100636,1,2021,2021-03-05 00:00:00,,,AVENIDA,,,,PEATON,AUTO,PEATON-AUTO,GRAVE
LC-2021-0102311,1,2021,2021-03-07 00:00:00,0.0,2,CALLE,Point (104740.569513192 103661.245712928),-58.411622426119,-34.596255360965,MOTO,AUTO,MOTO-AUTO,GRAVE
LC-2021-0103272,1,2021,2021-03-07 00:00:00,23.0,10,AVENIDA,Point (95566.1465618479 100552.699529591),-58.511649717275,-34.624277954758,CICLISTA,AUTO,CICLISTA-AUTO,GRAVE
LC-2021-0105468,1,2021,2021-03-08 00:00:00,21.0,12,GRAL PAZ,Point (95397.5216527931 105480.39028849),-58.513461488050,-34.579856911266,CICLISTA,AUTO,CICLISTA-AUTO,GRAVE
LC-2021-0107255,1,2021,2021-03-09 00:00:00,0.0,,,,,,MOTO,AUTO,MOTO-AUTO,GRAVE
LC-2021-0108616,1,2021,2021-03-10 00:00:00,12.0,8,AVENIDA,Point (98897.0880273163 94680.2518870959),-58.475334785095,-34.677223449634,PEATON,TRANSPORTE PUBLICO,PEATON-TRANSPORTE PUBLICO,GRAVE
LC-2021-0109063,1,2021,2021-03-10 00:00:00,14.0,9,CALLE,Point (94528.360470665 99138.8235511745),-58.522975690073,-34.637018103730,CICLISTA,,CICLISTA-SD,GRAVE
LC-2021-0110827,1,2021,2021-03-11 00:00:00,12.0,4,AVENIDA,Point (103358.147670969 97681.1005168196),-58.426668980220,-34.650168123595,MOTO,,MOTO-SD,GRAVE
LC-2021-0113394,1,2021,2021-03-12 00:00:00,13.0,7,AVENIDA,Point (101544.338579741 99458.5725651712),-58.446457320114,-34.634149578402,PEATON,,PEATON-SD,GRAVE
LC-2021-0113536,1,2021,2021-03-12 00:00:00,15.0,8,,Point (99716.45791130418365356 94950.38308677727764007),-58.466394,-34.674789,PEATON,AUTO,PEATON-AUTO,GRAVE
LC-2021-0114379,2,2021,2021-03-12 00:00:00,0.0,,,,,,PEATON,MOTO,PEATON-MOTO,GRAVE
LC-2021-0116683,1,2021,2021-03-15 00:00:00,0.0,4,AVENIDA,Point (108609.786184677 98897.7680817159),-58.369395898982,-34.639170271555,PEATON,TRANSPORTE PUBLICO,PEATON-TRANSPORTE PUBLICO,GRAVE
LC-2021-0116824,1,2021,2021-03-15 00:00:00,0.0,,,,,,MOTO,AUTO,MOTO-AUTO,GRAVE
LC-2021-0118049,1,2021,2021-03-15 00:00:00,15.0,7,CALLE,Point (99527.0114276399 101044.115338479),-58.468457314653,-34.619857822777,MOTO,CAMIONETA,MOTO-CAMIONETA,GRAVE
LC-2021-0118684,6,2021,2021-03-15 00:00:00,17.0,1,CALLE,Point (107347.433951453 100719.779342537),-58.383179608380,-34.622755733579,CAMION,TRANSPORTE PUBLICO,CAMION-TRANSPORTE PUBLICO,GRAVE
LC-2021-0123309,3,2021,2021-03-18 00:00:00,3.0,13,AVENIDA,Point (98817.74986778 110096.313674954),-58.476178020985,-34.538256524689,,,SD-SD,GRAVE
LC-2021-0126528,1,2021,2021-03-19 00:00:00,15.0,11,CALLE,Point (94371.214260864 102884.217391213),-58.524664486774,-34.603254784733,MOTO,AUTO,MOTO-AUTO,GRAVE
LC-2021-0128408,1,2021,2021-03-20 00:00:00,23.0,12,CALLE,Point (98599.9828325457 106627.448767395),-58.478556194214,-34.569526315624,PEATON,AUTO,PEATON-AUTO,GRAVE
LC-2021-0128446,1,2021,2021-03-21 00:00:00,0.0,15,CALLE,Point (99257.9193330222 105927.47305169),-58.471386947233,-34.575836946803,MOTO,,MOTO-SD,GRAVE
LC-2021-0129143,1,2021,2021-03-21 00:00:00,17.0,7,AVENIDA,Point (99615.6317294597 99306.931733437),-58.467491887068,-34.635517513682,PEATON,AUTO,PEATON-AUTO,GRAVE
LC-2021-0130067,1,2021,2021-03-22 00:00:00,10.0,4,CALLE,Point (103955.708765637 97162.9898863667),-58.420148337103,-34.65483645396,CICLISTA,OBJETO FIJO,CICLISTA-OBJETO FIJO,GRAVE
LC-2021-0130281,1,2021,2021-03-22 00:00:00,12.0,8,GRAL PAZ,Point (98520.0906318195 93208.6887692893),-58.479451119844,-34.690488073673,MOTO,CAMION,MOTO-CAMION,GRAVE
LC-2021-0133881,1,2021,2021-03-25 00:00:00,12.0,1,AVENIDA,Point (108602.897771037 103429.39485413),-58.369516695333,-34.598320475708,PEATON,CAMIONETA,PEATON-CAMIONETA,GRAVE
LC-2021-0136639,1,2021,2021-03-25 00:00:00,21.0,10,AVENIDA,Point (98397.3296608937 99545.417420312),-58.480778447991,-34.633366467580,PEATON,AUTO,PEATON-AUTO,GRAVE
LC-2021-0137640,10,2021,2021-03-26 00:00:00,12.0,9,CALLE,Point (96444.1624950978 95607.1692198392),-58.502096288746,-34.668862207503,TRANSPORTE PUBLICO,CAMIONETA,TRANSPORTE PUBLICO-CAMIONETA,GRAVE
LC-2021-0139205,1,2021,2021-03-27 00:00:00,11.0,5,AVENIDA,Point (104023.358345486 100895.226410012),-58.419427844853,-34.621192428121,,,SD-SD,GRAVE
LC-2021-0139369,1,2021,2021-03-27 00:00:00,11.0,12,CALLE,Point (97608.8702425925 108884.670299081),-58.489350413223,-34.549176735513,MOTO,AUTO,MOTO-AUTO,GRAVE
LC-2021-0140495,1,2021,2021-03-27 00:00:00,11.0,15,AVENIDA,Point (101245.722872261 103955.804146428),-58.449720336277,-34.593610081880,PEATON,TAXI,PEATON-TAXI,GRAVE
LC-2021-0142273,1,2021,2021-03-29 00:00:00,0.0,,,,,,MOTO,AUTO,MOTO-AUTO,GRAVE
LC-2021-0145057,1,2021,2021-03-30 00:00:00,17.0,13,GRAL PAZ,Point (98817.74986778 110096.313674954),-58.476178020985,-34.538256524689,,,SD-SD,GRAVE
LC-2021-0145376,1,2021,2021-03-30 00:00:00,21.0,8,CALLE,Point (97059.2360305947 94648.6010382435),-58.495388892083,-34.677505032162,PEATON,,PEATON-SD,GRAVE
LC-2021-0148293,1,2021,2021-04-01 00:00:00,0.0,,,,,,CICLISTA,AUTO,CICLISTA-AUTO,GRAVE
LC-2021-0148903,1,2021,2021-04-02 00:00:00,5.0,,,,,,MOTO,OBJETO FIJO,MOTO-OBJETO FIJO,GRAVE
LC-2021-0150355,1,2021,2021-04-03 00:00:00,12.0,7,CALLE,Point (102249.519696222 99473.8967261517),-58.438766650880,-34.634010173947,MOTO,AUTO,MOTO-AUTO,GRAVE
LC-2021-0150454,1,2021,2021-04-03 00:00:00,14.0,4,AVENIDA,Point (103849.096180648 98599.7609001094),-58.421317779098,-34.641885288452,TRANSPORTE PUBLICO,AUTO,TRANSPORTE PUBLICO-AUTO,GRAVE
LC-2021-0152297,1,2021,2021-04-05 00:00:00,9.0,6,CALLE,Point (101581.995597521 100376.372154768),-58.446048285626,-34.625876123788,CICLISTA,AUTO,CICLISTA-AUTO,GRAVE
LC-2021-0153684,1,2021,2021-04-05 00:00:00,18.0,14,CALLE,Point (104370.266762619 104649.025680484),-58.415664132359,-34.587352701327,,,SD-SD,GRAVE
LC-2021-0154112,1,2021,2021-04-05 00:00:00,22.0,3,AVENIDA,Point (105304.230908591 102739.356026881),-58.405472227484,-34.604562939849,,TRANSPORTE PUBLICO,SD-TRANSPORTE PUBLICO,GRAVE
LC-2021-0154616,1,2021,2021-04-06 00:00:00,10.0,,,,,,PEATON,AUTO,PEATON-AUTO,GRAVE
LC-2021-0154694,2,2021,2021-04-06 00:00:00,9.0,14,AVENIDA,Point (103965.45958231 107084.948127687),-58.420087690578,-34.565395790276,PEATON,CICLISTA,PEATON-CICLISTA,GRAVE
LC-2021-0163637,1,2021,2021-04-08 00:00:00,18.0,1,AVENIDA,Point (108593.079217495 102002.315893363),-58.369609375621,-34.611184833998,,,SD-SD,GRAVE
LC-2021-0163778,1,2021,2021-04-08 00:00:00,0.0,,,,,,PEATON,AUTO,PEATON-AUTO,GRAVE
LC-2021-0164474,1,2021,2021-04-09 00:00:00,8.0,2,AVENIDA,Point (106062.508017304 104636.051668923),-58.397218810145,-34.587461152023,MOTO,TRANSPORTE PUBLICO,MOTO-TRANSPORTE PUBLICO,GRAVE
LC-2021-0165711,1,2021,2021-04-09 00:00:00,15.0,4,AVENIDA,Point (104549.292529162 97059.7941711911),-58.413672555479,-34.655764264140,MOTO,CAMION,MOTO-CAMION,GRAVE
LC-2021-0254633,1,2021,2021-04-10 00:00:00,10.0,12,AVENIDA,Point (96944.6967608188 107291.522921573),-58.496592344858,-34.563536357833,,,SD-SD,GRAVE
LC-2021-0166702,1,2021,2021-04-10 00:00:00,,,CALLE,,,,AUTO,OBJETO FIJO,AUTO-OBJETO FIJO,GRAVE
LC-2021-0171457,1,2021,2021-04-13 00:00:00,0.0,,,,,,MOTO,AUTO,MOTO-AUTO,GRAVE
LC-2021-0172800,1,2021,2021-04-14 00:00:00,13.0,13,CALLE,Point (100081.319209865 107833.802646101),-58.462413277512,-34.558652688226,,,SD-SD,GRAVE
LC-2021-0175578,1,2021,2021-04-15 00:00:00,0.0,,,,,,MOTO,AUTO,MOTO-AUTO,GRAVE
LC-2021-0178038,1,2021,2021-04-17 00:00:00,15.0,1,,Point (107526.8702169198077172 105270.64924924273509532),-58.381263,-34.581731,,AUTO,SD-AUTO,GRAVE
LC-2021-0182928,1,2021,2021-04-20 00:00:00,18.0,12,AVENIDA,Point (97699.9873998583 108244.380721074),-58.488359472167,-34.554948838643,MOTO,AUTO,MOTO-AUTO,GRAVE
LC-2021-0197961,1,2021,2021-04-29 00:00:00,0.0,,,,,,MOTO,PEATON,MOTO-PEATON,GRAVE
LC-2021-0200771,1,2021,2021-05-02 00:00:00,0.0,,,,,,MOTO,AUTO,MOTO-AUTO,GRAVE
LC-2021-0200839,1,2021,2021-05-02 00:00:00,0.0,,,,,,MOTO,AUTO,MOTO-AUTO,GRAVE
LC-2021-0202900,1,2021,2021-05-03 00:00:00,14.0,7,AVENIDA,Point (99445.0477170627 99711.7967673542),-58.469352016501,-34.631867819019,,,SD-SD,GRAVE
LC-2021-0208251,1,2021,2021-05-06 00:00:00,0.0,,,,,,MOTO,AUTO,MOTO-AUTO,GRAVE
LC-2021-0213615,1,2021,2021-05-10 00:00:00,0.0,,,,,,CICLISTA,AUTO,CICLISTA-AUTO,GRAVE
LC-2021-0216071,1,2021,2021-05-11 00:00:00,21.0,1,CALLE,Point (107322.226611842 102292.714165845),-58.383467956071,-34.608576851352,,,SD-SD,GRAVE
LC-2021-0222559,1,2021,2021-05-15 00:00:00,0.0,,,,,,MOTO,AUTO,MOTO-AUTO,GRAVE
LC-2021-0224497,1,2021,2021-05-17 00:00:00,0.0,,,,,,CICLISTA,AUTO,CICLISTA-AUTO,GRAVE
LC-2021-0227471,1,2021,2021-05-19 00:00:00,0.0,,,,,,CICLISTA,AUTO,CICLISTA-AUTO,GRAVE
LC-2021-0227765,1,2021,2021-05-19 00:00:00,0.0,,,,,,PEATON,AUTO,PEATON-AUTO,GRAVE
LC-2021-0232800,1,2021,2021-05-22 00:00:00,0.0,,,,,,MOTO,TRANSPORTE PUBLICO,MOTO-TRANSPORTE PUBLICO,GRAVE
LC-2021-0232863,1,2021,2021-05-22 00:00:00,18.0,,,Point (102172.72535845117818099 97899.95115758856991306),-58.4396002347162,-34.6481984609142,,,SD-SD,GRAVE
LC-2021-0232929,1,2021,2021-05-22 00:00:00,23.0,11,CALLE,Point (100152.138829979 102190.681634036),-58.461640971678,-34.609522337125,,,SD-SD,GRAVE
LC-2021-0233331,1,2021,2021-05-23 00:00:00,15.0,13,AVENIDA,Point (100606.166514895 107458.454933479),-58.456694222976,-34.562036108595,,,SD-SD,GRAVE
LC-2021-0233690,1,2021,2021-05-24 00:00:00,0.0,,,,,,MOTO,OBJETO FIJO,MOTO-OBJETO FIJO,GRAVE
LC-2021-0236489,1,2021,2021-05-26 00:00:00,16.0,7,AVENIDA,Point (100812.103741664 100363.855321143),-58.454443885937,-34.625989812600,,,SD-SD,GRAVE
LC-2021-0237213,1,2021,2021-05-27 00:00:00,0.0,,,,,,PEATON,CAMION,PEATON-CAMION,GRAVE
LC-2021-0238659,1,2021,2021-05-27 00:00:00,22.0,13,CALLE,Point (101172.580567513 107388.311458383),-58.450522152410,-34.562667956305,,,SD-SD,GRAVE
LC-2021-0239137,1,2021,2021-05-28 00:00:00,0.0,,,,,,PEATON,MOTO,PEATON-MOTO,GRAVE
LC-2021-0239990,1,2021,2021-05-28 00:00:00,0.0,,,,,,MOTO,AUTO,MOTO-AUTO,GRAVE
LC-2021-0241542,1,2021,2021-05-30 00:00:00,0.0,,,,,,MOTO,AUTO,MOTO-AUTO,GRAVE
LC-2021-0242208,1,2021,2021-05-31 00:00:00,0.0,,,,,,AUTO,OBJETO FIJO,AUTO-OBJETO FIJO,GRAVE
LC-2021-0244728,1,2021,2021-06-01 00:00:00,0.0,,,,,,CICLISTA,OBJETO FIJO,CICLISTA-OBJETO FIJO,GRAVE
LC-2021-0246322,1,2021,2021-06-02 00:00:00,12.0,12,AVENIDA,Point (99137.3135055666 107598.044592232),-58.472699553041,-34.560777517608,PEATON,AUTO,PEATON-AUTO,GRAVE
LC-2021-0247762,1,2021,2021-06-03 00:00:00,7.0,15,AVENIDA,Point (100300.69930045 102792.785975973),-58.460021423167,-34.604094690829,MOTO,CAMION,MOTO-CAMION,GRAVE
LC-2021-33610374,1,2021,2021-06-03 00:00:00,0.0,,,,,,PEATON,AUTO,PEATON-AUTO,GRAVE
LC-2021-0250210,1,2021,2021-06-04 00:00:00,15.0,4,AVENIDA,Point (104770.598568073 97235.7206695343),-58.411259344828,-34.654177407340,MOTO,,MOTO-SD,GRAVE
LC-2021-0251693,1,2021,2021-06-05 00:00:00,21.0,13,CALLE,Point (100643.943222582 107955.342284552),-58.456282929894,-34.557556901808,MOTO,AUTO,MOTO-AUTO,GRAVE
LC-2021-0255387,1,2021,2021-06-08 00:00:00,15.0,3,CALLE,Point (105333.064827814 102874.7515481),-58.405158718202,-34.603342279942,CICLISTA,TRANSPORTE PUBLICO,CICLISTA-TRANSPORTE PUBLICO,GRAVE
LC-2021-0258159,1,2021,2021-06-10 00:00:00,9.0,1,CALLE,Point (107433.796477131 100255.683192109),-58.382233829418,-34.626938657191,MOTO,AUTO,MOTO-AUTO,GRAVE
LC-2021-0259425,2,2021,2021-06-10 00:00:00,19.0,9,CALLE,Point (95754.3948647469 96888.7686504172),-58.509615520784,-34.657306778152,,,SD-SD,GRAVE
LC-2021-0260630,2,2021,2021-06-11 00:00:00,14.0,14,AVENIDA,Point (103743.216327908 104436.089303701),-58.422497985568,-34.589274647414,PEATON,MOTO,PEATON-MOTO,GRAVE
LC-2021-0260696,1,2021,2021-06-11 00:00:00,14.0,14,AVENIDA,Point (102849.574717061 106999.455278859),-58.432247229958,-34.566170102700,CICLISTA,MOTO,CICLISTA-MOTO,GRAVE
LC-2021-0261608,1,2021,2021-06-12 00:00:00,6.0,1,,Point (106665.43400166284118313 105409.74851311417296529),-58.390653,-34.580483,PEATON,,PEATON-SD,GRAVE
LC-2021-0262548,1,2021,2021-06-12 00:00:00,0.0,,,,,,MOTO,OBJETO FIJO,MOTO-OBJETO FIJO,GRAVE
LC-2021-0263544,1,2021,2021-06-13 00:00:00,23.0,7,AVENIDA,Point (99796.424921369 99957.7695179948),-58.465519924535,-34.629650674818,CICLISTA,MOTO,CICLISTA-MOTO,GRAVE
LC-2021-0263632,1,2021,2021-06-14 00:00:00,4.0,4,AVENIDA,Point (106638.498875675 99445.5563252155),-58.390900300476,-34.634246859729,PEATON,TRANSPORTE PUBLICO,PEATON-TRANSPORTE PUBLICO,GRAVE
LC-2021-0266234,1,2021,2021-06-15 00:00:00,12.0,,,,,,PEATON,CAMIONETA,PEATON-CAMIONETA,GRAVE
LC-2021-0278875,2,2021,2021-06-21 00:00:00,23.0,7,AVENIDA,Point (99615.6317294597 99306.931733437),-58.467491887068,-34.635517513682,,,SD-SD,GRAVE
LC-2021-0285238,2,2021,2021-06-22 00:00:00,17.0,11,AVENIDA,Point (95790.4285483485 102774.525200786),-58.509192819078,-34.604250472764,MOTO,AUTO,MOTO-AUTO,GRAVE
LC-2021-0285645,1,2021,2021-06-22 00:00:00,20.0,11,AVENIDA,Point (95048.9774791527 102196.276958927),-58.517279596849,-34.609459695085,PEATON,CAMIONETA,PEATON-CAMIONETA,GRAVE
LC-2021-0285913,1,2021,2021-06-22 00:00:00,0.0,,,,,,MOTO,OBJETO FIJO,MOTO-OBJETO FIJO,GRAVE
LC-2021-0300645,1,2021,2021-06-25 00:00:00,15.0,4,AUTOPISTA,Point (107903.918285871 98767.4309142529),-58.377093345924,-34.640350824684,MOTO,AUTO,MOTO-AUTO,GRAVE
LC-2021-0301115,1,2021,2021-06-25 00:00:00,18.0,15,AVENIDA,Point (102862.968729416 104001.861407245),-58.432091369639,-34.593191753076,CICLISTA,OBJETO FIJO,CICLISTA-OBJETO FIJO,GRAVE
LC-2021-0302447,1,2021,2021-06-26 00:00:00,23.0,15,CALLE,Point (101193.843294535 105094.363829839),-58.450287386618,-34.583346654786,CICLISTA,AUTO,CICLISTA-AUTO,GRAVE
LC-2021-0302958,3,2021,2021-06-27 00:00:00,14.0,7,CALLE,Point (101408.234089874 98823.3815968686),-58.447940662164,-34.639875616715,AUTO,OBJETO FIJO,AUTO-OBJETO FIJO,GRAVE
LC-2021-0312143,1,2021,2021-07-02 00:00:00,17.0,11,CALLE,Point (99775.7342498336 101950.255190455),-58.465744908872,-34.611689607344,MOTO,CAMIONETA,MOTO-CAMIONETA,GRAVE
LC-2021-0313368,1,2021,2021-07-03 00:00:00,14.0,1,AVENIDA,Point (107452.288092075 104177.515705035),-58.382066363241,-34.591585527472,MOTO,AUTO,MOTO-AUTO,GRAVE
LC-2021-0319503,1,2021,2021-07-07 00:00:00,8.0,11,AVENIDA,Point (99940.6937492978 102336.544237669),-58.463946292205,-34.608207469012,MOTO,MOVIL,MOTO-MOVIL,GRAVE
LC-2021-0322695,1,2021,2021-07-08 00:00:00,20.0,1,AVENIDA,Point (107281.613930979 100230.169345797),-58.383893170513,-34.627169732215,,,SD-SD,GRAVE
LC-2021-0324329,2,2021,2021-07-10 00:00:00,5.0,7,AVENIDA,Point (100360.172648257 97659.2940967476),-58.459371192599,-34.650369972160,CAMIONETA,OBJETO FIJO,CAMIONETA-OBJETO FIJO,GRAVE
LC-2021-0324598,1,2021,2021-07-10 00:00:00,11.0,10,GRAL PAZ,Point (93891.3743544578 100392.302605173),-58.529913785089,-34.625715138994,,,SD-SD,GRAVE
LC-2021-0326755,1,2021,2021-07-12 00:00:00,7.0,1,AVENIDA,Point (107613.970267994 101287.324780813),-58.380278220071,-34.617637727822,CICLISTA,CAMION,CICLISTA-CAMION,GRAVE
LC-2021-0327882,1,2021,2021-07-12 00:00:00,17.0,10,AVENIDA,Point (97651.3730754271 100233.344217159),-58.488911827310,-34.627163753794,MOTO,AUTO,MOTO-AUTO,GRAVE
LC-2021-0332901,1,2021,2021-07-15 00:00:00,9.0,13,CALLE,Point (99677.9227372915 110364.156742374),-58.466807622291,-34.535842721809,MOTO,AUTO,MOTO-AUTO,GRAVE
LC-2021-0335920,1,2021,2021-07-16 00:00:00,0.0,,,,,,MOTO,OBJETO FIJO,MOTO-OBJETO FIJO,GRAVE
LC-2021-0335963,1,2021,2021-07-16 00:00:00,0.0,,,,,,MOTO,AUTO,MOTO-AUTO,GRAVE
LC-2021-0336044,1,2021,2021-07-16 00:00:00,15.0,14,CALLE,Point (104230.453851336 104324.671110227),-58.417186482655,-34.590277155218,MOTO,AUTO,MOTO-AUTO,GRAVE
LC-2021-0336162,1,2021,2021-07-16 00:00:00,19.0,9,AVENIDA,Point (98577.604308398 96830.1852322512),-58.478817125698,-34.657842829992,MOTO,AUTO,MOTO-AUTO,GRAVE
LC-2021-0337155,2,2021,2021-07-17 00:00:00,17.0,7,AVENIDA,Point (103334.3870984 99629.0715183741),-58.426935702527,-34.632608474001,CAMIONETA,AUTO,CAMIONETA-AUTO,GRAVE
LC-2021-0337412,2,2021,2021-07-17 00:00:00,20.0,8,CALLE,Point (98341.6690181381 94197.2049332757),-58.481396301055,-34.681577006861,MOTO,CAMIONETA,MOTO-CAMIONETA,GRAVE
LC-2021-0337996,1,2021,2021-07-18 00:00:00,0.0,,,,,,MOTO,TRANSPORTE PUBLICO,MOTO-TRANSPORTE PUBLICO,GRAVE
LC-2021-0338444,1,2021,2021-07-18 00:00:00,18.0,3,CALLE,Point (104853.174818224 102229.982147757),-58.410386820623,-34.609156855350,,MOTO,SD-MOTO,GRAVE
LC-2021-0338736,1,2021,2021-07-19 00:00:00,8.0,4,AVENIDA,Point (104289.120583705 97477.5120073019),-58.416512816459,-34.651999918550,PEATON,TRANSPORTE PUBLICO,PEATON-TRANSPORTE PUBLICO,GRAVE
LC-2021-0345963,1,2021,2021-07-22 00:00:00,0.0,,,,,,AUTO,OBJETO FIJO,AUTO-OBJETO FIJO,GRAVE
LC-2021-0347304,1,2021,2021-07-23 00:00:00,15.0,7,AVENIDA,Point (102272.887722813 100042.036696986),-58.438513285954,-34.628888692456,MOTO,AUTO,MOTO-AUTO,GRAVE
LC-2021-0348988,1,2021,2021-07-24 00:00:00,0.0,,,,,,CICLISTA,OBJETO FIJO,CICLISTA-OBJETO FIJO,GRAVE
LC-2021-0349217,1,2021,2021-07-25 00:00:00,0.0,5,AVENIDA,Point (104332.188556697 102299.172781106),-58.416067343411,-34.608535445598,MOTO,,MOTO-SD,GRAVE
LC-2021-0349916,2,2021,2021-07-25 00:00:00,16.0,14,AVENIDA,Point (104128.515776438 103898.775718575),-58.418295592218,-34.594116772592,MOTO,AUTO,MOTO-AUTO,GRAVE
LC-2021-0350281,1,2021,2021-07-25 00:00:00,0.0,,,,,,MOTO,OBJETO FIJO,MOTO-OBJETO FIJO,GRAVE
LC-2021-0366270,1,2021,2021-07-26 00:00:00,13.0,10,AVENIDA,Point (94500.9949151827 99449.3746162158),-58.523272113978,-34.634218532899,MOTO,AUTO,MOTO-AUTO,GRAVE
LC-2021-0373193,1,2021,2021-07-27 00:00:00,19.0,2,CALLE,Point (104740.569513192 103661.245712928),-58.411622426119,-34.596255360965,PEATON,AUTO,PEATON-AUTO,GRAVE
LC-2021-0376233,1,2021,2021-07-29 00:00:00,13.0,15,AVENIDA,Point (101742.819870789 103827.755333883),-58.444301374112,-34.594763673349,CICLISTA,AUTO,CICLISTA-AUTO,GRAVE
LC-2021-0376552,1,2021,2021-07-29 00:00:00,15.0,11,AVENIDA,Point (98398.3395937275 100797.669863268),-58.480764986916,-34.622078178902,MOTO,MOVIL,MOTO-MOVIL,GRAVE
LC-2021-0376883,2,2021,2021-07-29 00:00:00,21.0,7,AVENIDA,Point (101448.288447835 99373.4489364553),-58.447504703453,-34.634917050037,MOTO,PEATON,MOTO-PEATON,GRAVE
LC-2021-0379414,3,2021,2021-07-31 00:00:00,15.0,14,CALLE,Point (102875.628707592 105615.096340255),-58.431958723509,-34.578649293221,PEATON,AUTO,PEATON-AUTO,GRAVE
LC-2021-0380059,1,2021,2021-08-01 00:00:00,4.0,4,AVENIDA,Point (105444.31269291 97893.6648738084),-58.403914238278,-34.648243146309,,,SD-SD,GRAVE
LC-2021-0380229,1,2021,2021-08-01 00:00:00,9.0,3,AVENIDA,Point (105304.230908591 102739.356026881),-58.405472227484,-34.604562939849,,,SD-SD,GRAVE
LC-2021-0381747,1,2021,2021-08-02 00:00:00,13.0,1,AVENIDA,Point (106537.352817616 102690.704956528),-58.392028201670,-34.604994454844,,,SD-SD,GRAVE
LC-2021-0384186,1,2021,2021-08-03 00:00:00,17.0,8,AVENIDA,Point (98384.9961504244 93974.2778200278),-58.480923946139,-34.683586612020,MOTO,TRANSPORTE PUBLICO,MOTO-TRANSPORTE PUBLICO,GRAVE
LC-2021-0388817,1,2021,2021-08-05 00:00:00,23.0,3,AVENIDA,Point (105871.05535605 100647.446191566),-58.399278293328,-34.623417205287,,,SD-SD,GRAVE
LC-2021-0388826,2,2021,2021-08-05 00:00:00,22.0,5,AVENIDA,Point (104078.210650961 100380.558794364),-58.418827276769,-34.625831630512,CAMIONETA,MOTO,CAMIONETA-MOTO,GRAVE
LC-2021-0388849,1,2021,2021-08-05 00:00:00,23.0,4,CALLE,Point (104073.681024104 97508.4837228564),-58.418863051389,-34.651721596145,,,SD-SD,GRAVE
LC-2021-0388902,1,2021,2021-08-06 00:00:00,0.0,13,AVENIDA,Point (99620.3493681628 110483.292865985),-58.467434718017,-34.534768743446,,,SD-SD,GRAVE
LC-2021-0389348,1,2021,2021-08-06 00:00:00,10.0,14,AVENIDA,Point (105377.352615124 105410.912745802),-58.404691786574,-34.580479984659,CICLISTA,AUTO,CICLISTA-AUTO,GRAVE
LC-2021-0391772,1,2021,2021-08-07 00:00:00,18.0,1,AVENIDA,Point (108155.234280173 100788.419774201),-58.374371602904,-34.622130921953,CICLISTA,OBJETO FIJO,CICLISTA-OBJETO FIJO,GRAVE
LC-2021-0394519,6,2021,2021-08-09 00:00:00,20.0,4,CALLE,Point (108029.196626316 97048.9552978528),-58.375710780684,-34.655840796206,AUTO,TRANSPORTE PUBLICO,AUTO-TRANSPORTE PUBLICO,GRAVE
LC-2021-0398789,1,2021,2021-08-12 00:00:00,0.0,,,,,,MOTO,OBJETO FIJO,MOTO-OBJETO FIJO,GRAVE
LC-2021-0399069,1,2021,2021-08-12 00:00:00,10.0,4,CALLE,Point (106398.51474006 98476.9051414548),-58.393510318775,-34.642980149138,,AUTO,SD-AUTO,GRAVE
LC-2021-0400152,1,2021,2021-08-12 00:00:00,18.0,10,AVENIDA,Point (96822.6113343073 101510.32578499),-58.497944681813,-34.615650258298,,,SD-SD,GRAVE
LC-2021-0402759,1,2021,2021-08-14 00:00:00,10.0,12,CALLE,Point (97909.2374998231 106745.580140831),-58.486083335269,-34.568460213429,PEATON,AUTO,PEATON-AUTO,GRAVE
LC-2021-0406319,1,2021,2021-08-17 00:00:00,10.0,,,,,,MOTO,CAMIONETA,MOTO-CAMIONETA,GRAVE
LC-2021-0406452,2,2021,2021-08-17 00:00:00,10.0,14,AVENIDA,Point (103624.708175293 106377.347048374),-58.423797894888,-34.571775681841,MOTO,AUTO,MOTO-AUTO,GRAVE
LC-2021-0409611,1,2021,2021-08-18 00:00:00,16.0,1,CALLE,Point (107433.796477131 100255.683192109),-58.382233829418,-34.626938657191,PEATON,TRANSPORTE PUBLICO,PEATON-TRANSPORTE PUBLICO,GRAVE
LC-2021-0409793,2,2021,2021-08-18 00:00:00,0.0,,,,,,AUTO,AUTO,AUTO-AUTO,GRAVE
LC-2021-0412719,1,2021,2021-08-20 00:00:00,11.0,12,GRAL PAZ,Point (96082.9664732474 107261.968738333),-58.505982565947,-34.563799805439,MOTO,AUTO,MOTO-AUTO,GRAVE
LC-2021-0413084,1,2021,2021-08-20 00:00:00,0.0,,,,,,MOTO,OBJETO FIJO,MOTO-OBJETO FIJO,GRAVE
LC-2021-0413580,1,2021,2021-08-20 00:00:00,18.0,13,CALLE,Point (101437.828740297 107871.232899231),-58.44763261658,-34.558314344106,,,SD-SD,GRAVE
LC-2021-0572971,1,2021,2021-08-21 00:00:00,12.0,,,,,,,,SD-SD,GRAVE
LC-2021-0415145,1,2021,2021-08-22 00:00:00,2.0,10,AVENIDA,Point (98127.8602399228 100447.821205907),-58.483715204000,-34.625231380311,PEATON,AUTO,PEATON-AUTO,GRAVE
LC-2021-0415301,1,2021,2021-08-22 00:00:00,0.0,,,,,,AUTO,OBJETO FIJO,AUTO-OBJETO FIJO,GRAVE
LC-2021-0415950,1,2021,2021-08-22 00:00:00,21.0,5,CALLE,Point (103531.433855818 101233.041555848),-58.424793325583,-34.618149012410,CICLISTA,AUTO,CICLISTA-AUTO,GRAVE
LC-2021-0416218,1,2021,2021-08-23 00:00:00,6.0,4,CALLE,Point (107899.424128376 97813.6948620557),-58.377133531396,-34.648948173529,,,SD-SD,GRAVE
LC-2021-0418963,1,2021,2021-08-24 00:00:00,9.0,1,AVENIDA,Point (106906.120648218 102110.865488078),-58.388003146205,-34.610218971394,,,SD-SD,GRAVE
LC-2021-0422396,1,2021,2021-08-25 00:00:00,0.0,,,,,,MOTO,CAMION,MOTO-CAMION,GRAVE
LC-2021-0426882,1,2021,2021-08-26 00:00:00,20.0,11,AVENIDA,Point (94473.8266012441 101590.747589267),-58.523554317969,-34.614915216958,,,SD-SD,GRAVE
LC-2021-0424955,1,2021,2021-08-27 00:00:00,11.0,12,CALLE,Point (97740.9607663099 105353.745016044),-58.487920906560,-34.581006499730,MOTO,,MOTO-SD,GRAVE
LC-2021-0426393,1,2021,2021-08-28 00:00:00,0.0,,,,,,MOTO,CAMION,MOTO-CAMION,GRAVE
LC-2021-0427069,1,2021,2021-08-28 00:00:00,17.0,10,CALLE,Point (97925.3680028347 100457.582918612),-58.485923324549,-34.625142983995,MOTO,AUTO,MOTO-AUTO,GRAVE
LC-2021-0427787,1,2021,2021-08-29 00:00:00,10.0,1,CALLE,Point (107525.28457966 100140.034542335),-58.381235128014,-34.627980495892,PEATON,TRANSPORTE PUBLICO,PEATON-TRANSPORTE PUBLICO,GRAVE
LC-2021-0429889,2,2021,2021-08-30 00:00:00,17.0,10,AVENIDA,Point (98342.0389341653 99487.5611535067),-58.481381560212,-34.633887915084,,,SD-SD,GRAVE
LC-2021-0432010,1,2021,2021-08-31 00:00:00,16.0,14,AVENIDA,Point (104343.821116692 104893.19964582),-58.415953619465,-34.585151718689,MOTO,AUTO,MOTO-AUTO,GRAVE
LC-2021-0434385,1,2021,2021-09-01 00:00:00,22.0,12,AVENIDA,Point (97215.0266328677 106397.099576282),-58.493649607279,-34.571599898604,MOTO,,MOTO-SD,GRAVE
LC-2021-0437070,1,2021,2021-09-03 00:00:00,12.0,8,CALLE,Point (99203.4627919232 92552.7554871647),-58.471993874069,-34.696401644521,MOTO,,MOTO-SD,GRAVE
LC-2021-0437159,1,2021,2021-09-03 00:00:00,0.0,,,,,,AUTO,OBJETO FIJO,AUTO-OBJETO FIJO,GRAVE
LC-2021-0441948,1,2021,2021-09-06 00:00:00,12.0,15,AVENIDA,Point (99848.9831372992 102931.678560368),-58.464946033037,-34.602842662765,PEATON,AUTO,PEATON-AUTO,GRAVE
LC-2021-0442715,1,2021,2021-09-06 00:00:00,21.0,1,AVENIDA,Point (107550.963745187 102837.023423887),-58.380978922316,-34.603668578495,,,SD-SD,GRAVE
LC-2021-0444580,1,2021,2021-09-07 00:00:00,20.0,3,CALLE,Point (106550.674355904 102097.745269782),-58.391878429433,-34.610339553516,,,SD-SD,GRAVE
LC-2021-0450332,1,2021,2021-09-10 00:00:00,17.0,12,AVENIDA,Point (97525.4811240267 106595.292220413),-58.490265737201,-34.569814107400,MOTO,AUTO,MOTO-AUTO,GRAVE
LC-2021-0452081,1,2021,2021-09-12 00:00:00,0.0,,,,,,AUTO,OBJETO FIJO,AUTO-OBJETO FIJO,GRAVE
LC-2021-0452355,1,2021,2021-09-12 00:00:00,9.0,1,AVENIDA,Point (107178.967182107 100265.135761006),-58.385012835558,-34.626855249652,,AUTO,SD-AUTO,GRAVE
LC-2021-0453033,1,2021,2021-09-12 00:00:00,14.0,14,AVENIDA,Point (103965.45958231 107084.948127687),-58.420087690578,-34.565395790276,MOTO,OBJETO FIJO,MOTO-OBJETO FIJO,GRAVE
LC-2021-0456342,1,2021,2021-09-14 00:00:00,13.0,3,CALLE,Point (104923.529061687 101286.258816607),-58.409614351931,-34.617663629752,,,SD-SD,GRAVE
LC-2021-0458263,1,2021,2021-09-15 00:00:00,12.0,14,AVENIDA,Point (102912.149263197 105841.419526443),-58.431561455891,-34.576609010579,,,SD-SD,GRAVE
LC-2021-0459051,1,2021,2021-09-15 00:00:00,17.0,10,AVENIDA,Point (94330.9183844341 101692.088076998),-58.525111831595,-34.614000905717,,,SD-SD,GRAVE
LC-2021-0459152,1,2021,2021-09-15 00:00:00,18.0,10,AVENIDA,Point (97874.0356499438 98907.96172542),-58.486487081978,-34.639111753351,MOTO,AUTO,MOTO-AUTO,GRAVE
LC-2021-0459304,1,2021,2021-09-15 00:00:00,19.0,14,CALLE,Point (104730.002234795 105860.015850152),-58.411749719690,-34.576434712698,MOTO,AUTO,MOTO-AUTO,GRAVE
LC-2021-0473657,1,2021,2021-09-15 00:00:00,23.0,,,Point (102739.72039558405231219 107517.77271590284362901),-58.4334459621102,-34.5614980315113,,,SD-SD,GRAVE
LC-2021-0465269,2,2021,2021-09-19 00:00:00,8.0,9,CALLE,Point (97760.0971672797 98258.6895217698),-58.487731528285,-34.644964282660,,,SD-SD,GRAVE
LC-2021-0470015,2,2021,2021-09-21 00:00:00,0.0,,,,,,AUTO,AUTO,AUTO-AUTO,GRAVE
LC-2021-0472142,1,2021,2021-09-22 00:00:00,0.0,,,,,,PEATON,AUTO,PEATON-AUTO,GRAVE
LC-2021-0472991,1,2021,2021-09-23 00:00:00,0.0,,,,,,CICLISTA,AUTO,CICLISTA-AUTO,GRAVE
LC-2021-0473027,1,2021,2021-09-23 00:00:00,11.0,15,AVENIDA,Point (100831.098173397 102647.867623699),-58.454238842302,-34.605400782207,PEATON,MOTO,PEATON-MOTO,GRAVE
LC-2021-0473375,1,2021,2021-09-23 00:00:00,14.0,8,CALLE,Point (98072.9895943475 94742.808048063),-58.484326911335,-34.676658284930,MOTO,,MOTO-SD,GRAVE
LC-2021-0475685,1,2021,2021-09-24 00:00:00,15.0,14,AVENIDA,Point (105788.977204797 105189.396804917),-58.400204001801,-34.582474614873,MOTO,AUTO,MOTO-AUTO,GRAVE
LC-2021-0476695,1,2021,2021-09-25 00:00:00,11.0,13,CALLE,Point (102437.441875025 108614.728557248),-58.436742815437,-34.551610275542,,,SD-SD,GRAVE
LC-2021-0480272,1,2021,2021-09-27 00:00:00,16.0,8,AVENIDA,Point (97612.3760922644 94761.8126826032),-58.489352874949,-34.676485975842,,,SD-SD,GRAVE
LC-2021-0481835,1,2021,2021-09-28 00:00:00,14.0,7,CALLE,Point (99275.9966860651 99462.0667962668),-58.471195867061,-34.634118865716,,,SD-SD,GRAVE
LC-2021-0482085,1,2021,2021-09-28 00:00:00,14.0,15,AVENIDA,Point (100400.320285525 102761.888835438),-58.458935335128,-34.604373182075,MOTO,AUTO,MOTO-AUTO,GRAVE
LC-2021-0482260,1,2021,2021-09-28 00:00:00,16.0,1,AVENIDA,Point (107461.939808595 102235.872544521),-58.381944215831,-34.609088246224,,,SD-SD,GRAVE
LC-2021-0484334,1,2021,2021-09-29 00:00:00,16.0,14,AVENIDA,Point (104517.181822132 104754.203844786),-58.414063327644,-34.586403950731,,,SD-SD,GRAVE
LC-2021-0485066,2,2021,2021-09-30 00:00:00,2.0,12,AVENIDA,Point (98988.1623103015 107804.773375869),-58.474324507853,-34.558913819253,MOTO,CICLISTA,MOTO-CICLISTA,GRAVE
LC-2021-0489365,1,2021,2021-10-01 00:00:00,16.0,9,AVENIDA,Point (96860.3961231529 98028.7413894613),-58.497545812753,-34.647034708862,CICLISTA,CAMIONETA,CICLISTA-CAMIONETA,GRAVE
LC-2021-0489553,1,2021,2021-10-02 00:00:00,0.0,,,,,,MOTO,,MOTO-SD,GRAVE
LC-2021-0495289,1,2021,2021-10-05 00:00:00,14.0,7,AVENIDA,Point (100623.163466125 98651.6636269674),-58.456503120243,-34.641424281686,,,SD-SD,GRAVE
LC-2021-0496808,1,2021,2021-10-06 00:00:00,10.0,11,CALLE,Point (99098.825970948 101834.15224943),-58.473125416601,-34.612735799658,,,SD-SD,GRAVE
LC-2021-0501238,1,2021,2021-10-08 00:00:00,22.0,10,AVENIDA,Point (98867.1455428343 99662.0597989118),-58.475654518055,-34.632315660528,,MOTO,SD-MOTO,GRAVE
LC-2021-0502307,1,2021,2021-10-09 00:00:00,20.0,7,CALLE,Point (101993.987895989 98750.3960971293),-58.441551821963,-34.640532594535,,,SD-SD,GRAVE
LC-2021-0502920,1,2021,2021-10-10 00:00:00,14.0,13,CALLE,Point (100910.411219799 106191.673086365),-58.453377720622,-34.573455277273,TRANSPORTE PUBLICO,AUTO,TRANSPORTE PUBLICO-AUTO,GRAVE
LC-2021-0504344,1,2021,2021-10-12 00:00:00,0.0,,,,,,MOTO,AUTO,MOTO-AUTO,GRAVE
LC-2021-0504586,1,2021,2021-10-12 00:00:00,0.0,,,,,,AUTO,OBJETO FIJO,AUTO-OBJETO FIJO,GRAVE
LC-2021-0511102,1,2021,2021-10-15 00:00:00,9.0,9,CALLE,Point (96517.104296341 95680.1679862406),-58.501300148312,-34.668204427351,MOTO,CAMION,MOTO-CAMION,GRAVE
LC-2021-0512640,2,2021,2021-10-15 00:00:00,20.0,15,AVENIDA,Point (102072.851191986 104104.696296823),-58.440704408429,-34.592266610454,MOTO,,MOTO-SD,GRAVE
LC-2021-0513193,1,2021,2021-10-16 00:00:00,11.0,7,AVENIDA,Point (103421.975733914 99868.4103265485),-58.425981428843,-34.630450698797,PEATON,AUTO,PEATON-AUTO,GRAVE
LC-2021-0514184,1,2021,2021-10-17 00:00:00,0.0,,,,,,PEATON,AUTO,PEATON-AUTO,GRAVE
LC-2021-0514955,1,2021,2021-10-17 00:00:00,20.0,7,AVENIDA,Point (100121.771133565 97683.9989412747),-58.461971709202,-34.650147317161,PEATON,TRANSPORTE PUBLICO,PEATON-TRANSPORTE PUBLICO,GRAVE
LC-2021-0516971,1,2021,2021-10-18 00:00:00,17.0,11,AVENIDA,Point (98484.7351195532 101757.915960634),-58.479821115745,-34.613422268970,,,SD-SD,GRAVE
LC-2021-0518412,1,2021,2021-10-19 00:00:00,12.0,3,AVENIDA,Point (104856.573955973 102087.782286676),-58.410348956136,-34.610438687577,,,SD-SD,GRAVE
LC-2021-0518753,1,2021,2021-10-19 00:00:00,16.0,1,CALLE,Point (107344.572479637 101776.19483334),-58.383219889690,-34.613232807534,,,SD-SD,GRAVE
LC-2021-0521189,1,2021,2021-10-20 00:00:00,18.0,7,AVENIDA,Point (100800.360792301 98423.7702541453),-58.454570235933,-34.643478482734,,,SD-SD,GRAVE
LC-2021-0522304,1,2021,2021-10-21 00:00:00,11.0,13,AVENIDA,Point (100755.630213774 107248.648098042),-58.455065406364,-34.563927318148,,,SD-SD,GRAVE
LC-2021-0523001,2,2021,2021-10-21 00:00:00,14.0,15,CALLE,Point (101259.92486262 102925.584769692),-58.449564062602,-34.602896908379,CICLISTA,MOTO,CICLISTA-MOTO,GRAVE
LC-2021-0523425,1,2021,2021-10-21 00:00:00,20.0,11,CALLE,Point (95243.8221004627 104836.74840096),-58.515140289171,-34.585658281918,MOTO,AUTO,MOTO-AUTO,GRAVE
LC-2021-0524528,1,2021,2021-10-22 00:00:00,10.0,15,AVENIDA,Point (101149.637741543 104501.556762198),-58.450768435285,-34.588690532901,PEATON,TRANSPORTE PUBLICO,PEATON-TRANSPORTE PUBLICO,GRAVE
LC-2021-0527236,1,2021,2021-10-22 00:00:00,18.0,10,CALLE,Point (98494.5331726833 100112.687589494),-58.479717311707,-34.628253028844,MOTO,,MOTO-SD,GRAVE
LC-2021-0527697,2,2021,2021-10-23 00:00:00,4.0,10,AVENIDA,Point (98766.8530704113 99632.7083094565),-58.476748328856,-34.632580124990,PEATON,,PEATON-SD,GRAVE
LC-2021-0528712,1,2021,2021-10-23 00:00:00,20.0,11,CALLE,Point (97363.2828213168 102034.236465362),-58.492047762640,-34.610929073656,,,SD-SD,GRAVE
LC-2021-0529936,1,2021,2021-10-25 00:00:00,0.0,,,,,,MOTO,,MOTO-SD,GRAVE
LC-2021-0532795,1,2021,2021-10-26 00:00:00,12.0,15,AVENIDA,Point (100463.461150178 103588.050064326),-58.458247363854,-34.596925786991,MOTO,CAMIONETA,MOTO-CAMIONETA,GRAVE
LC-2021-0533537,1,2021,2021-10-26 00:00:00,16.0,3,CALLE,Point (105651.50790941 102266.540982796),-58.401683050591,-34.608823256461,,,SD-SD,GRAVE
LC-2021-0537342,1,2021,2021-10-28 00:00:00,0.0,,,,,,MOTO,AUTO,MOTO-AUTO,GRAVE
LC-2021-0539676,1,2021,2021-10-29 00:00:00,0.0,,,,,,MOTO,OBJETO FIJO,MOTO-OBJETO FIJO,GRAVE
LC-2021-0540393,1,2021,2021-10-29 00:00:00,0.0,,,,,,CICLISTA,MOTO,CICLISTA-MOTO,GRAVE
LC-2021-0540910,2,2021,2021-10-30 00:00:00,9.0,1,AVENIDA,Point (108466.669477111 104439.396089483),-58.371011765342,-34.589217017498,,,SD-SD,GRAVE
LC-2021-0542728,2,2021,2021-10-31 00:00:00,19.0,8,,Point (98181.98237838616478257 93672.12034153088461608),-58.48314,-34.68631,,,SD-SD,GRAVE
LC-2021-0543530,1,2021,2021-11-01 00:00:00,9.0,7,AVENIDA,Point (99241.1102254736 100321.828218751),-58.471575513433,-34.626368617856,MOTO,AUTO,MOTO-AUTO,GRAVE
LC-2021-0547017,1,2021,2021-11-02 00:00:00,21.0,4,AVENIDA,Point (108124.924688802 99145.6158209852),-58.374686473706,-34.636940013072,PEATON,TRANSPORTE PUBLICO,PEATON-TRANSPORTE PUBLICO,GRAVE
LC-2021-0548842,1,2021,2021-11-03 00:00:00,0.0,,,,,,MOTO,OBJETO FIJO,MOTO-OBJETO FIJO,GRAVE
LC-2021-0549446,1,2021,2021-11-03 00:00:00,11.0,14,AVENIDA,Point (105110.031827252 106073.864800811),-58.407609254846,-34.574505180286,MOTO,AUTO,MOTO-AUTO,GRAVE
LC-2021-0549725,1,2021,2021-11-04 00:00:00,11.0,6,AVENIDA,Point (102461.641022031 101216.655092379),-58.436458204996,-34.618299793509,CAMIONETA,CAMIONETA,CAMIONETA-CAMIONETA,GRAVE
LC-2021-0553195,2,2021,2021-11-05 00:00:00,15.0,15,AVENIDA,Point (98923.1217786971 103557.06727926),-58.475038857826,-34.597204536685,CICLISTA,MOTO,CICLISTA-MOTO,GRAVE
LC-2021-0553478,2,2021,2021-11-06 00:00:00,1.0,3,AVENIDA,Point (105605.558974289 100607.445523423),-58.402173162117,-34.623779257788,MOTO,AUTO,MOTO-AUTO,GRAVE
LC-2021-0560854,3,2021,2021-11-10 00:00:00,7.0,9,CALLE,Point (94517.6573435892 98296.9635149522),-58.523097924154,-34.644606879452,,,SD-SD,GRAVE
LC-2021-0561405,1,2021,2021-11-10 00:00:00,0.0,,,,,,MOTO,,MOTO-SD,GRAVE
LC-2021-0561538,1,2021,2021-11-10 00:00:00,0.0,,,,,,MOTO,CAMIONETA,MOTO-CAMIONETA,GRAVE
LC-2021-0562639,1,2021,2021-11-10 00:00:00,20.0,1,AVENIDA,Point (107638.308135877 100788.281627915),-58.380008382205,-34.622136118522,MOTO,CAMIONETA,MOTO-CAMIONETA,GRAVE
LC-2021-0564730,1,2021,2021-11-11 00:00:00,20.0,3,AVENIDA,Point (106565.527583232 101711.19167744),-58.391713520434,-34.613824010185,MOTO,TRANSPORTE PUBLICO,MOTO-TRANSPORTE PUBLICO,GRAVE
LC-2021-0565110,1,2021,2021-11-12 00:00:00,0.0,,,,,,MOTO,AUTO,MOTO-AUTO,GRAVE
LC-2021-0567215,2,2021,2021-11-13 00:00:00,3.0,13,GRAL PAZ,Point (98817.74986778 110096.313674954),-58.476178020985,-34.538256524689,,OBJETO FIJO,SD-OBJETO FIJO,GRAVE
LC-2021-0569641,1,2021,2021-11-14 00:00:00,22.0,14,AVENIDA,Point (103835.665121999 104509.353808772),-58.421490607180,-34.588613872505,,TAXI,SD-TAXI,GRAVE
LC-2021-0569809,1,2021,2021-11-15 00:00:00,0.0,,,,,,MOTO,TRANSPORTE PUBLICO,MOTO-TRANSPORTE PUBLICO,GRAVE
LC-2021-0570937,1,2021,2021-11-15 00:00:00,12.0,2,AVENIDA,Point (106544.422899829 103706.427292527),-58.391958886166,-34.595838259715,MOTO,CAMIONETA,MOTO-CAMIONETA,GRAVE
LC-2021-0571426,1,2021,2021-11-15 00:00:00,17.0,8,AVENIDA,Point (98427.6287209146 95106.4268495592),-58.480456540406,-34.673381134268,CICLISTA,CAMIONETA,CICLISTA-CAMIONETA,GRAVE
LC-2021-0573138,1,2021,2021-11-16 00:00:00,16.0,9,AVENIDA,Point (96840.290584622 97976.3321843806),-58.497765316658,-34.647507081366,PEATON,MOTO,PEATON-MOTO,GRAVE
LC-2021-0575527,1,2021,2021-11-17 00:00:00,0.0,,,,,,PEATON,TRANSPORTE PUBLICO,PEATON-TRANSPORTE PUBLICO,GRAVE
LC-2021-0576521,1,2021,2021-11-18 00:00:00,0.0,,,,,,MOTO,CAMION,MOTO-CAMION,GRAVE
LC-2021-0578827,1,2021,2021-11-19 00:00:00,14.0,14,AVENIDA,Point (104902.753323905 105766.089330028),-58.409866463451,-34.577280609204,MOTO,CAMIONETA,MOTO-CAMIONETA,GRAVE
LC-2021-0583208,1,2021,2021-11-23 00:00:00,0.0,,,,,,PEATON,MOTO,PEATON-MOTO,GRAVE
LC-2021-0584444,2,2021,2021-11-23 00:00:00,14.0,15,CALLE,Point (100161.501614066 102889.171048925),-58.461538978903,-34.603225858717,PEATON,MOTO,PEATON-MOTO,GRAVE
LC-2021-0588342,1,2021,2021-11-25 00:00:00,13.0,15,AVENIDA,Point (100035.600612034 102874.548160195),-58.462911547134,-34.603357680995,MOTO,CAMION,MOTO-CAMION,GRAVE
LC-2021-0589017,1,2021,2021-11-25 00:00:00,0.0,,,,,,MOTO,OBJETO FIJO,MOTO-OBJETO FIJO,GRAVE
LC-2021-0591005,1,2021,2021-11-25 00:00:00,21.0,7,AVENIDA,Point (99741.8145562933 100510.928445879),-58.466115269021,-34.624664269287,,,SD-SD,GRAVE
LC-2021-0589900,1,2021,2021-11-26 00:00:00,10.0,14,CALLE,Point (105504.391947953 105137.552578245),-58.403305433798,-34.582943510958,CICLISTA,AUTO,CICLISTA-AUTO,GRAVE
LC-2021-0589985,1,2021,2021-11-26 00:00:00,0.0,,,,,,MOTO,AUTO,MOTO-AUTO,GRAVE
LC-2021-0590805,1,2021,2021-11-26 00:00:00,0.0,,,,,,MOTO,AUTO,MOTO-AUTO,GRAVE
LC-2021-0590971,2,2021,2021-11-26 00:00:00,0.0,,,,,,PEATON,MOTO,PEATON-MOTO,GRAVE
LC-2021-0590996,1,2021,2021-11-26 00:00:00,17.0,3,AVENIDA,Point (106381.608296754 103262.963931027),-58.393730422037,-34.599836843723,,,SD-SD,GRAVE
LC-2021-0591940,1,2021,2021-11-27 00:00:00,15.0,8,AVENIDA,Point (97344.7682958087 95079.1866476756),-58.492271874312,-34.673624392596,PEATON,AUTO,PEATON-AUTO,GRAVE
LC-2021-0593207,1,2021,2021-11-28 00:00:00,17.0,15,AVENIDA,Point (102250.450281518 103260.755653899),-58.438766302497,-34.599873894411,,AUTO,SD-AUTO,GRAVE
LC-2021-0599847,1,2021,2021-12-02 00:00:00,9.0,9,AVENIDA,Point (98475.7716512473 98690.2779045477),-58.479924560811,-34.641075139413,,,SD-SD,GRAVE
LC-2021-0601316,1,2021,2021-12-02 00:00:00,18.0,6,AVENIDA,Point (100944.24861799 100448.085472694),-58.453002942581,-34.625230422935,PEATON,TRANSPORTE PUBLICO,PEATON-TRANSPORTE PUBLICO,GRAVE
LC-2021-0603045,1,2021,2021-12-03 00:00:00,14.0,13,CALLE,Point (101457.124527611 105860.058889127),-58.447419051708,-34.576444002036,PEATON,TRANSPORTE PUBLICO,PEATON-TRANSPORTE PUBLICO,GRAVE
LC-2021-0649837,1,2021,2021-12-04 00:00:00,0.0,,,,,,MOTO,AUTO,MOTO-AUTO,GRAVE
LC-2021-0649898,1,2021,2021-12-04 00:00:00,0.0,,,,,,MOTO,AUTO,MOTO-AUTO,GRAVE
LC-2021-0605143,2,2021,2021-12-05 00:00:00,4.0,9,AVENIDA,Point (98255.4162854527 96575.618816427),-58.482332450865,-34.660137063567,MOTO,MOTO,MOTO-MOTO,GRAVE
LC-2021-0606016,1,2021,2021-12-05 00:00:00,21.0,1,AVENIDA,Point (107441.472390896 103475.726955209),-58.382178154993,-34.597911830187,MOTO,,MOTO-SD,GRAVE
LC-2021-0608610,1,2021,2021-12-07 00:00:00,6.0,1,AVENIDA,Point (108277.334134458 103754.991861063),-58.373068917251,-34.595388064919,,,SD-SD,GRAVE
LC-2021-0610381,1,2021,2021-12-08 00:00:00,0.0,,,,,,MOTO,AUTO,MOTO-AUTO,GRAVE
LC-2021-0615298,1,2021,2021-12-10 00:00:00,14.0,11,AVENIDA,Point (95406.1557605591 104031.196015067),-58.513375315624,-34.592920635012,PEATON,AUTO,PEATON-AUTO,GRAVE
LC-2021-0615798,1,2021,2021-12-10 00:00:00,18.0,14,CALLE,Point (103550.281218703 104424.104714866),-58.424600955299,-34.589383356473,MOTO,AUTO,MOTO-AUTO,GRAVE
LC-2021-0615891,1,2021,2021-12-10 00:00:00,18.0,12,CALLE,Point (97511.5160247042 108707.056574489),-58.490411609120,-34.550777598873,,,SD-SD,GRAVE
LC-2021-0617163,1,2021,2021-12-11 00:00:00,16.0,1,AVENIDA,Point (106528.364024868 102831.888892957),-58.392127275848,-34.603721820706,,,SD-SD,GRAVE
HC-2021-0617646,5,2021,2021-12-12 00:00:00,6.0,3,AVENIDA,Point (105258.353685547 102122.932314005),-58.405968607725,-34.610119872510,,,SD-SD,GRAVE
LC-2021-0619239,1,2021,2021-12-13 00:00:00,0.0,,,,,,PEATON,CAMION,PEATON-CAMION,GRAVE
LC-2021-0620449,2,2021,2021-12-13 00:00:00,16.0,12,GRAL PAZ,Point (97243.8802130247 108974.219746386),-58.493326649668,-34.548368558936,MOTO,MOTO,MOTO-MOTO,GRAVE
LC-2021-0622539,1,2021,2021-12-14 00:00:00,18.0,8,CALLE,Point (98639.0312356865 95256.8991415518),-58.478149645012,-34.672025042694,,,SD-SD,GRAVE
LC-2021-0622993,8,2021,2021-12-15 00:00:00,3.0,4,CALLE,Point (108134.157475498 98953.2717918348),-58.374583943877,-34.638673799373,CAMIONETA,TRANSPORTE PUBLICO,CAMIONETA-TRANSPORTE PUBLICO,GRAVE
LC-2021-0624138,1,2021,2021-12-15 00:00:00,12.0,,,,,,MOTO,AUTO,MOTO-AUTO,GRAVE
LC-2021-0624732,1,2021,2021-12-15 00:00:00,17.0,9,AVENIDA,Point (95107.1452216994 98920.6032242632),-58.516664519987,-34.63898817883,,,SD-SD,GRAVE
LC-2021-0624946,2,2021,2021-12-15 00:00:00,19.0,2,AVENIDA,Point (106064.375378172 103275.074896385),-58.397188826038,-34.599729576047,PEATON,MOTO,PEATON-MOTO,GRAVE
LC-2021-0591288,1,2021,2021-12-16 00:00:00,0.0,,,,,,MOTO,AUTO,MOTO-AUTO,GRAVE
LC-2021-0628882,3,2021,2021-12-17 00:00:00,15.0,1,CALLE,Point (107271.96313769 99650.4851075858),-58.383993478406,-34.632395292777,,,SD-SD,GRAVE
LC-2021-0629261,2,2021,2021-12-17 00:00:00,18.0,11,AVENIDA,Point (99682.3743376517 101388.829939791),-58.466763064918,-34.616750494599,,,SD-SD,GRAVE
LC-2021-0631082,1,2021,2021-12-19 00:00:00,6.0,13,AVENIDA,Point (100335.436281427 105972.685250488),-58.459643767793,-34.575429653823,,,SD-SD,GRAVE
LC-2021-0631292,5,2021,2021-12-19 00:00:00,12.0,12,CALLE,Point (98087.0634716874 108475.237141419),-58.484141489255,-34.552868597476,,,SD-SD,GRAVE
LC-2021-0631474,1,2021,2021-12-19 00:00:00,15.0,4,CALLE,Point (104984.835748759 97873.1214469684),-58.408926022481,-34.648430645131,,,SD-SD,GRAVE
LC-2021-0632007,1,2021,2021-12-20 00:00:00,0.0,,,,,,MOTO,AUTO,MOTO-AUTO,GRAVE
LC-2021-0634181,4,2021,2021-12-20 00:00:00,21.0,1,AVENIDA,Point (107547.522909504 100786.867056927),-58.380998330204,-34.622149537067,,,SD-SD,GRAVE
LC-2021-0639659,1,2021,2021-12-23 00:00:00,11.0,9,CALLE,Point (95316.4462592412 97159.1128587196),-58.514391604134,-34.654867870697,,,SD-SD,GRAVE
LC-2021-0641143,2,2021,2021-12-24 00:00:00,6.0,15,AVENIDA,Point (102852.69197214 103016.764799748),-58.432200147221,-34.602071867905,,,SD-SD,GRAVE
LC-2021-0641851,1,2021,2021-12-25 00:00:00,0.0,,,,,,AUTO,,AUTO-SD,GRAVE
LC-2021-0643816,2,2021,2021-12-27 00:00:00,9.0,4,AVENIDA,Point (105942.990941468 99141.7934928861),-58.398483407494,-34.636989320248,,,SD-SD,GRAVE
LC-2021-0646672,1,2021,2021-12-28 00:00:00,11.0,4,AVENIDA,Point (107839.851132956 100002.314189332),-58.377803456359,-34.629219619904,,,SD-SD,GRAVE
LC-2021-0648408,2,2021,2021-12-29 00:00:00,9.0,4,AVENIDA,Point (106665.463236739 98731.1206797588),-58.390600653960,-34.640686871798,,,SD-SD,GRAVE
LC-2021-0649774,1,2021,2021-12-29 00:00:00,0.0,,,,,,PEATON,MOTO,PEATON-MOTO,GRAVE
LC-2021-0652921,1,2021,2021-12-31 00:00:00,22.0,5,CALLE,Point (104472.702045632 101660.930364258),-58.414532050899,-34.614288229345,MOTO,TRANSPORTE PUBLICO,MOTO-TRANSPORTE PUBLICO,GRAVE
